filename,sample_type
DE000100233_roof_hook_4.jpg,TRAIN_VAL
DE000139152_roof_hook_2.jpg,TRAIN_VAL
DE000082131_roof_hook_15.jpg,TRAIN_VAL
DE000036054_roof_hook_2.jpg,TRAIN_VAL
869766_roof_hook_5.jpg,TRAIN_VAL
853501_roof_hook_1.jpg,TRAIN_VAL
DE000279813_roof_hook_1.jpg,TRAIN_VAL
DE000141783_roof_hook_12.jpg,TRAIN_VAL
DE000222373_roof_hook_1.jpg,TRAIN_VAL
DE000138583_roof_hook_4.jpg,TRAIN_VAL
DE000231123_roof_hook_9.jpg,TRAIN_VAL
DE000125319_roof_hook_7.jpg,TRAIN_VAL
DE000049074_roof_hook_10.jpg,TRAIN_VAL
DE000085736_roof_hook_1.jpg,TRAIN_VAL
DE000045314_roof_hook_1.jpg,TRAIN_VAL
DE000141215_roof_hook_2.jpg,TRAIN_VAL
DE000045223_roof_hook_2.jpg,TRAIN_VAL
DE000237044_roof_hook_1.jpg,TRAIN_VAL
DE000115929_roof_hook_3.jpg,TRAIN_VAL
DE000130338_roof_hook_1.jpg,TRAIN_VAL
DE000043839_roof_hook_9.jpg,TRAIN_VAL
891956_roof_hook_2.jpg,TRAIN_VAL
DE000078179_roof_hook_1.jpg,TRAIN_VAL
DE000066731_roof_hook_1.jpg,TRAIN_VAL
DE000249124_roof_hook_5.jpg,TRAIN_VAL
DE000102110_roof_hook_5.jpg,TRAIN_VAL
DE000106450_roof_hook_2.jpg,TRAIN_VAL
DE000120434_roof_hook_1.jpg,TRAIN_VAL
DE000086600_roof_hook_3.jpg,TRAIN_VAL
900062_roof_hook_1.jpg,TRAIN_VAL
DE000288261_roof_hook_1.jpg,TRAIN_VAL
DE000290988_roof_hook_6.jpg,TRAIN_VAL
792771_roof_hook_3.jpg,TRAIN_VAL
DE000165358_roof_hook_1.jpg,TRAIN_VAL
DE000126864_roof_hook_9.jpg,TRAIN_VAL
898997_roof_hook_1.jpg,TRAIN_VAL
896498_roof_hook_10.jpg,TRAIN_VAL
DE000139103_roof_hook_2.jpg,TRAIN_VAL
DE000090531_roof_hook_7.jpg,TRAIN_VAL
DE000138258_roof_hook_9.jpg,TRAIN_VAL
DE000246609_roof_hook_4.jpg,TRAIN_VAL
DE000065763_roof_hook_6.jpg,TRAIN_VAL
DE000083737_roof_hook_2.jpg,TRAIN_VAL
DE000142524_roof_hook_8.jpg,TRAIN_VAL
DE000084845_roof_hook_2.jpg,TRAIN_VAL
889675_roof_hook_2.jpg,TRAIN_VAL
DE000118976_roof_hook_1.jpg,TRAIN_VAL
DE000079860_roof_hook_2.jpg,TRAIN_VAL
917395_roof_hook_2.jpg,TRAIN_VAL
DE000115929_roof_hook_4.jpg,TRAIN_VAL
DE000195339_roof_hook_10.jpg,TRAIN_VAL
DE000176045_roof_hook_2.jpg,TRAIN_VAL
DE000114183_roof_hook_3.jpg,TRAIN_VAL
DE000086020_roof_hook_2.jpg,TRAIN_VAL
DE000082131_roof_hook_2.jpg,TRAIN_VAL
DE000120171_roof_hook_2.jpg,TRAIN_VAL
DE000228299_roof_hook_1.jpg,TRAIN_VAL
DE000261993_roof_hook_8.jpg,TRAIN_VAL
943810_roof_hook_2.jpg,TRAIN_VAL
DE000288375_roof_hook_1.jpg,TRAIN_VAL
DE000066248_roof_hook_1.jpg,TRAIN_VAL
DE000267988_roof_hook_5.jpg,TRAIN_VAL
DE000121244_roof_hook_1.jpg,TRAIN_VAL
DE000052369_roof_hook_3.jpg,TRAIN_VAL
DE000126996_roof_hook_5.jpg,TRAIN_VAL
DE000063903_roof_hook_1.jpg,TRAIN_VAL
DE000289453_roof_hook_5.jpg,TRAIN_VAL
DE000237096_roof_hook_2.jpg,TRAIN_VAL
DE000008788_roof_hook_4.jpg,TRAIN_VAL
DE000127462_roof_hook_3.jpg,TRAIN_VAL
DE000079573_roof_hook_3.jpg,TRAIN_VAL
DE000235473_roof_hook_8.jpg,TRAIN_VAL
DE000223589_roof_hook_2.jpg,TRAIN_VAL
DE000072798_roof_hook_3.jpg,TRAIN_VAL
DE000250376_roof_hook_1.jpg,TRAIN_VAL
959195_roof_hook_3.jpg,TRAIN_VAL
DE000064942_roof_hook_9.jpg,TRAIN_VAL
892623_roof_hook_3.jpg,TRAIN_VAL
875662_roof_hook_1.jpg,TRAIN_VAL
DE000079553_roof_hook_2.jpg,TRAIN_VAL
DE000276727_roof_hook_3.jpg,TRAIN_VAL
DE000009675_roof_hook_7.jpg,TRAIN_VAL
DE000122100_roof_hook_2.jpg,TRAIN_VAL
DE000083676_roof_hook_3.jpg,TRAIN_VAL
874769_roof_hook_1.jpg,TRAIN_VAL
DE000132327_roof_hook_5.jpg,TRAIN_VAL
DE000037160_roof_hook_2.jpg,TRAIN_VAL
719357_roof_hook_3.jpg,TRAIN_VAL
DE000136353_roof_hook_3.jpg,TRAIN_VAL
DE000113563_roof_hook_2.jpg,TRAIN_VAL
DE000231034_roof_hook_2.jpg,TRAIN_VAL
DE000122428_roof_hook_9.jpg,TRAIN_VAL
DE000062166_roof_hook_3.jpg,TRAIN_VAL
DE000123298_roof_hook_4.jpg,TRAIN_VAL
DE000037295_roof_hook_3.jpg,TRAIN_VAL
DE000061209_roof_hook_9.jpg,TRAIN_VAL
904250_roof_hook_7.jpg,TRAIN_VAL
DE000105944_roof_hook_3.jpg,TRAIN_VAL
DE000129256_roof_hook_1.jpg,TRAIN_VAL
DE000247598_roof_hook_1.jpg,TRAIN_VAL
DE000283389_roof_hook_6.jpg,TRAIN_VAL
DE000064462_roof_hook_7.jpg,TRAIN_VAL
DE000098423_roof_hook_2.jpg,TRAIN_VAL
DE000231836_roof_hook_3.jpg,TRAIN_VAL
DE000208613_roof_hook_1.jpg,TRAIN_VAL
DE000146285_roof_hook_7.jpg,TRAIN_VAL
DE000162850_roof_hook_4.jpg,TRAIN_VAL
DE000235473_roof_hook_3.jpg,TRAIN_VAL
DE000064088_roof_hook_3.jpg,TRAIN_VAL
DE000185004_roof_hook_2.jpg,TRAIN_VAL
955470_roof_hook_5.jpg,TRAIN_VAL
DE000053576_roof_hook_5.jpg,TRAIN_VAL
DE000044046_roof_hook_7.jpg,TRAIN_VAL
DE000103235_roof_hook_1.jpg,TRAIN_VAL
DE000107709_roof_hook_3.jpg,TRAIN_VAL
DE000043923_roof_hook_3.jpg,TRAIN_VAL
DE000263476_roof_hook_4.jpg,TRAIN_VAL
DE000055064_roof_hook_1.jpg,TRAIN_VAL
841791_roof_hook_3.jpg,TRAIN_VAL
DE000215525_roof_hook_7.jpg,TRAIN_VAL
DE000104941_roof_hook_3.jpg,TRAIN_VAL
934400_roof_hook_6.jpg,TRAIN_VAL
DE000263476_roof_hook_10.jpg,TRAIN_VAL
DE000257482_roof_hook_8.jpg,TRAIN_VAL
698773_roof_hook_7.jpg,TRAIN_VAL
DE000171819_roof_hook_7.jpg,TRAIN_VAL
DE000106123_roof_hook_7.jpg,TRAIN_VAL
DE000288359_roof_hook_2.jpg,TRAIN_VAL
DE000110994_roof_hook_3.jpg,TRAIN_VAL
DE000069414_roof_hook_15.jpg,TRAIN_VAL
DE000101224_roof_hook_1.jpg,TRAIN_VAL
899943_roof_hook_1.jpg,TRAIN_VAL
DE000069368_roof_hook_1.jpg,TRAIN_VAL
DE000094081_roof_hook_2.jpg,TRAIN_VAL
814679_roof_hook_5.jpg,TRAIN_VAL
DE000102053_roof_hook_5.jpg,TRAIN_VAL
DE000247494_roof_hook_3.jpg,TRAIN_VAL
DE000082714_roof_hook_4.jpg,TRAIN_VAL
DE000056678_roof_hook_1.jpg,TRAIN_VAL
DE000207040_roof_hook_6.jpg,TRAIN_VAL
DE000051970_roof_hook_2.jpg,TRAIN_VAL
DE000090422_roof_hook_1.jpg,TRAIN_VAL
DE000237703_roof_hook_3.jpg,TRAIN_VAL
DE000101431_roof_hook_6.jpg,TRAIN_VAL
DE000071210_roof_hook_1.jpg,TRAIN_VAL
DE000287566_roof_hook_6.jpg,TRAIN_VAL
921081_roof_hook_2.jpg,TRAIN_VAL
DE000231349_roof_hook_2.jpg,TRAIN_VAL
DE000108854_roof_hook_3.jpg,TRAIN_VAL
DE000183295_roof_hook_4.jpg,TRAIN_VAL
DE000114116_roof_hook_1.jpg,TRAIN_VAL
DE000112454_roof_hook_3.jpg,TRAIN_VAL
DE000054462_roof_hook_2.jpg,TRAIN_VAL
814109_roof_hook_1.jpg,TRAIN_VAL
DE000234814_roof_hook_2.jpg,TRAIN_VAL
DE000157783_roof_hook_3.jpg,TRAIN_VAL
DE000033020_roof_hook_1.jpg,TRAIN_VAL
DE000081600_roof_hook_2.jpg,TRAIN_VAL
DE000130314_roof_hook_5.jpg,TRAIN_VAL
DE000270638_roof_hook_3.jpg,TRAIN_VAL
DE000130883_roof_hook_8.jpg,TRAIN_VAL
DE000096541_roof_hook_2.jpg,TRAIN_VAL
DE000050752_roof_hook_8.jpg,TRAIN_VAL
DE000117382_roof_hook_3.jpg,TRAIN_VAL
960929_roof_hook_1.jpg,TRAIN_VAL
DE000086681_roof_hook_2.jpg,TRAIN_VAL
DE000224335_roof_hook_1.jpg,TRAIN_VAL
918419_roof_hook_3.jpg,TRAIN_VAL
DE000085207_roof_hook_7.jpg,TRAIN_VAL
DE000077760_roof_hook_2.jpg,TRAIN_VAL
DE000083616_roof_hook_3.jpg,TRAIN_VAL
DE000112793_roof_hook_3.jpg,TRAIN_VAL
DE000089664_roof_hook_4.jpg,TRAIN_VAL
DE000279653_roof_hook_1.jpg,TRAIN_VAL
DE000075416_roof_hook_1.jpg,TRAIN_VAL
DE000250009_roof_hook_1.jpg,TRAIN_VAL
DE000088531_roof_hook_6.jpg,TRAIN_VAL
DE000141783_roof_hook_20.jpg,TRAIN_VAL
DE000104021_roof_hook_5.jpg,TRAIN_VAL
DE000203590_roof_hook_6.jpg,TRAIN_VAL
DE000048028_roof_hook_11.jpg,TRAIN_VAL
DE000098896_roof_hook_9.jpg,TRAIN_VAL
DE000095286_roof_hook_1.jpg,TRAIN_VAL
DE000276033_roof_hook_5.jpg,TRAIN_VAL
DE000048101_roof_hook_12.jpg,TRAIN_VAL
DE000146061_roof_hook_8.jpg,TRAIN_VAL
DE000246080_roof_hook_3.jpg,TRAIN_VAL
948799_roof_hook_4.jpg,TRAIN_VAL
862818_roof_hook_3.jpg,TRAIN_VAL
DE000136581_roof_hook_4.jpg,TRAIN_VAL
DE000054034_roof_hook_1.jpg,TRAIN_VAL
DE000202345_roof_hook_7.jpg,TRAIN_VAL
DE000072984_roof_hook_7.jpg,TRAIN_VAL
DE000165358_roof_hook_3.jpg,TRAIN_VAL
DE000000001_roof_hook_4.jpg,TRAIN_VAL
DE000039385_roof_hook_1.jpg,TRAIN_VAL
DE000241847_roof_hook_5.jpg,TRAIN_VAL
DE000068965_roof_hook_5.jpg,TRAIN_VAL
DE000125319_roof_hook_4.jpg,TRAIN_VAL
DE000078536_roof_hook_3.jpg,TRAIN_VAL
DE000119895_roof_hook_3.jpg,TRAIN_VAL
905956_roof_hook_7.jpg,TRAIN_VAL
DE000270877_roof_hook_6.jpg,TRAIN_VAL
DE000234814_roof_hook_13.jpg,TRAIN_VAL
DE000045784_roof_hook_5.jpg,TRAIN_VAL
DE000217330_roof_hook_6.jpg,TRAIN_VAL
DE000225765_roof_hook_7.jpg,TRAIN_VAL
DE000073683_roof_hook_10.jpg,TRAIN_VAL
DE000036542_roof_hook_4.jpg,TRAIN_VAL
DE000084420_roof_hook_8.jpg,TRAIN_VAL
963293_roof_hook_4.jpg,TRAIN_VAL
DE000078731_roof_hook_5.jpg,TRAIN_VAL
DE000039357_roof_hook_7.jpg,TRAIN_VAL
DE000132368_roof_hook_3.jpg,TRAIN_VAL
DE000090499_roof_hook_1.jpg,TRAIN_VAL
DE000067510_roof_hook_2.jpg,TRAIN_VAL
DE000083793_roof_hook_3.jpg,TRAIN_VAL
DE000066831_roof_hook_4.jpg,TRAIN_VAL
889673_roof_hook_1.jpg,TRAIN_VAL
DE000202345_roof_hook_3.jpg,TRAIN_VAL
954502_roof_hook_1.jpg,TRAIN_VAL
814679_roof_hook_9.jpg,TRAIN_VAL
DE000140150_roof_hook_6.jpg,TRAIN_VAL
DE000062116_roof_hook_2.jpg,TRAIN_VAL
DE000080176_roof_hook_2.jpg,TRAIN_VAL
DE000092072_roof_hook_5.jpg,TRAIN_VAL
DE000268705_roof_hook_5.jpg,TRAIN_VAL
DE000212146_roof_hook_9.jpg,TRAIN_VAL
DE000287484_roof_hook_13.jpg,TRAIN_VAL
DE000123836_roof_hook_8.jpg,TRAIN_VAL
DE000089521_roof_hook_4.jpg,TRAIN_VAL
DE000048469_roof_hook_3.jpg,TRAIN_VAL
911022_roof_hook_4.jpg,TRAIN_VAL
DE000146285_roof_hook_6.jpg,TRAIN_VAL
DE000110565_roof_hook_7.jpg,TRAIN_VAL
DE000109290_roof_hook_2.jpg,TRAIN_VAL
DE000049821_roof_hook_6.jpg,TRAIN_VAL
DE000285421_roof_hook_6.jpg,TRAIN_VAL
DE000061659_roof_hook_1.jpg,TRAIN_VAL
DE000079276_roof_hook_3.jpg,TRAIN_VAL
DE000210988_roof_hook_4.jpg,TRAIN_VAL
DE000067948_roof_hook_2.jpg,TRAIN_VAL
DE000090187_roof_hook_1.jpg,TRAIN_VAL
DE000222025_roof_hook_4.jpg,TRAIN_VAL
DE000203414_roof_hook_4.jpg,TRAIN_VAL
DE000058846_roof_hook_3.jpg,TRAIN_VAL
DE000263476_roof_hook_9.jpg,TRAIN_VAL
DE000141315_roof_hook_2.jpg,TRAIN_VAL
DE000109593_roof_hook_5.jpg,TRAIN_VAL
DE000078426_roof_hook_2.jpg,TRAIN_VAL
912527_roof_hook_7.jpg,TRAIN_VAL
DE000140292_roof_hook_7.jpg,TRAIN_VAL
DE000059234_roof_hook_3.jpg,TRAIN_VAL
DE000286801_roof_hook_3.jpg,TRAIN_VAL
DE000122063_roof_hook_4.jpg,TRAIN_VAL
922784_roof_hook_3.jpg,TRAIN_VAL
DE000283216_roof_hook_8.jpg,TRAIN_VAL
DE000103622_roof_hook_9.jpg,TRAIN_VAL
DE000265729_roof_hook_6.jpg,TRAIN_VAL
DE000138502_roof_hook_1.jpg,TRAIN_VAL
DE000172382_roof_hook_4.jpg,TRAIN_VAL
DE000049074_roof_hook_2.jpg,TRAIN_VAL
DE000070507_roof_hook_2.jpg,TRAIN_VAL
908062_roof_hook_1.jpg,TRAIN_VAL
DE000070304_roof_hook_7.jpg,TRAIN_VAL
DE000094146_roof_hook_5.jpg,TRAIN_VAL
DE000146897_roof_hook_15.jpg,TRAIN_VAL
DE000200784_roof_hook_4.jpg,TRAIN_VAL
931719_roof_hook_2.jpg,TRAIN_VAL
DE000098212_roof_hook_1.jpg,TRAIN_VAL
DE000051514_roof_hook_9.jpg,TRAIN_VAL
DE000101944_roof_hook_7.jpg,TRAIN_VAL
DE000183320_roof_hook_3.jpg,TRAIN_VAL
DE000086600_roof_hook_5.jpg,TRAIN_VAL
DE000136677_roof_hook_1.jpg,TRAIN_VAL
DE000287484_roof_hook_9.jpg,TRAIN_VAL
843276_roof_hook_5.jpg,TRAIN_VAL
DE000140334_roof_hook_5.jpg,TRAIN_VAL
DE000142524_roof_hook_6.jpg,TRAIN_VAL
DE000146945_roof_hook_2.jpg,TRAIN_VAL
DE000127797_roof_hook_2.jpg,TRAIN_VAL
DE000043571_roof_hook_1.jpg,TRAIN_VAL
DE000090470_roof_hook_5.jpg,TRAIN_VAL
DE000035553_roof_hook_4.jpg,TRAIN_VAL
DE000204978_roof_hook_8.jpg,TRAIN_VAL
DE000169971_roof_hook_4.jpg,TRAIN_VAL
DE000164173_roof_hook_2.jpg,TRAIN_VAL
DE000084301_roof_hook_10.jpg,TRAIN_VAL
873257_roof_hook_1.jpg,TRAIN_VAL
DE000149226_roof_hook_6.jpg,TRAIN_VAL
DE000125161_roof_hook_6.jpg,TRAIN_VAL
848707_roof_hook_1.jpg,TRAIN_VAL
933889_roof_hook_2.jpg,TRAIN_VAL
934154_roof_hook_7.jpg,TRAIN_VAL
DE000096271_roof_hook_9.jpg,TRAIN_VAL
DE000062811_roof_hook_2.jpg,TRAIN_VAL
DE000271158_roof_hook_1.jpg,TRAIN_VAL
DE000239940_roof_hook_2.jpg,TRAIN_VAL
DE000121453_roof_hook_5.jpg,TRAIN_VAL
DE000121094_roof_hook_2.jpg,TRAIN_VAL
DE000135918_roof_hook_9.jpg,TRAIN_VAL
DE000034522_roof_hook_7.jpg,TRAIN_VAL
DE000214584_roof_hook_5.jpg,TRAIN_VAL
DE000276242_roof_hook_2.jpg,TRAIN_VAL
DE000095013_roof_hook_6.jpg,TRAIN_VAL
865760_roof_hook_1.jpg,TRAIN_VAL
DE000124875_roof_hook_3.jpg,TRAIN_VAL
DE000092212_roof_hook_2.jpg,TRAIN_VAL
DE000065236_roof_hook_2.jpg,TRAIN_VAL
DE000082677_roof_hook_2.jpg,TRAIN_VAL
DE000143787_roof_hook_1.jpg,TRAIN_VAL
DE000207761_roof_hook_1.jpg,TRAIN_VAL
950130_roof_hook_3.jpg,TRAIN_VAL
DE000233673_roof_hook_1.jpg,TRAIN_VAL
DE000291750_roof_hook_6.jpg,TRAIN_VAL
DE000079537_roof_hook_1.jpg,TRAIN_VAL
DE000221550_roof_hook_2.jpg,TRAIN_VAL
DE000122840_roof_hook_4.jpg,TRAIN_VAL
DE000042579_roof_hook_8.jpg,TRAIN_VAL
DE000112574_roof_hook_11.jpg,TRAIN_VAL
DE000100390_roof_hook_6.jpg,TRAIN_VAL
DE000285882_roof_hook_2.jpg,TRAIN_VAL
DE000187405_roof_hook_1.jpg,TRAIN_VAL
962327_roof_hook_7.jpg,TRAIN_VAL
DE000090063_roof_hook_4.jpg,TRAIN_VAL
DE000099595_roof_hook_8.jpg,TRAIN_VAL
DE000065989_roof_hook_2.jpg,TRAIN_VAL
DE000257480_roof_hook_1.jpg,TRAIN_VAL
DE000132284_roof_hook_2.jpg,TRAIN_VAL
DE000129384_roof_hook_1.jpg,TRAIN_VAL
DE000100996_roof_hook_1.jpg,TRAIN_VAL
DE000202606_roof_hook_5.jpg,TRAIN_VAL
DE000221628_roof_hook_1.jpg,TRAIN_VAL
619872_roof_hook_6.jpg,TRAIN_VAL
773684_roof_hook_1.jpg,TRAIN_VAL
DE000277318_roof_hook_8.jpg,TRAIN_VAL
DE000135117_roof_hook_1.jpg,TRAIN_VAL
889560_roof_hook_1.jpg,TRAIN_VAL
DE000294778_roof_hook_1.jpg,TRAIN_VAL
DE000193224_roof_hook_6.jpg,TRAIN_VAL
DE000290109_roof_hook_2.jpg,TRAIN_VAL
DE000033057_roof_hook_2.jpg,TRAIN_VAL
DE000077018_roof_hook_2.jpg,TRAIN_VAL
749088_roof_hook_3.jpg,TRAIN_VAL
763609_roof_hook_2.jpg,TRAIN_VAL
959960_roof_hook_3.jpg,TRAIN_VAL
DE000029413_roof_hook_6.jpg,TRAIN_VAL
DE000214411_roof_hook_4.jpg,TRAIN_VAL
DE000189449_roof_hook_2.jpg,TRAIN_VAL
DE000117685_roof_hook_9.jpg,TRAIN_VAL
DE000057489_roof_hook_6.jpg,TRAIN_VAL
854119_roof_hook_3.jpg,TRAIN_VAL
915197_roof_hook_1.jpg,TRAIN_VAL
DE000066756_roof_hook_6.jpg,TRAIN_VAL
DE000037295_roof_hook_2.jpg,TRAIN_VAL
DE000123907_roof_hook_7.jpg,TRAIN_VAL
796810_roof_hook_5.jpg,TRAIN_VAL
DE000052608_roof_hook_1.jpg,TRAIN_VAL
DE000039357_roof_hook_2.jpg,TRAIN_VAL
DE000069810_roof_hook_8.jpg,TRAIN_VAL
DE000229953_roof_hook_4.jpg,TRAIN_VAL
776569_roof_hook_6.jpg,TRAIN_VAL
DE000231082_roof_hook_13.jpg,TRAIN_VAL
865847_roof_hook_3.jpg,TRAIN_VAL
DE000041780_roof_hook_1.jpg,TRAIN_VAL
DE000195339_roof_hook_6.jpg,TRAIN_VAL
DE000118699_roof_hook_3.jpg,TRAIN_VAL
DE000039764_roof_hook_13.jpg,TRAIN_VAL
DE000070894_roof_hook_5.jpg,TRAIN_VAL
DE000096774_roof_hook_2.jpg,TRAIN_VAL
DE000095387_roof_hook_11.jpg,TRAIN_VAL
DE000030460_roof_hook_1.jpg,TRAIN_VAL
DE000272729_roof_hook_1.jpg,TRAIN_VAL
DE000290387_roof_hook_1.jpg,TRAIN_VAL
929545_roof_hook_4.jpg,TRAIN_VAL
DE000060195_roof_hook_4.jpg,TRAIN_VAL
DE000108522_roof_hook_13.jpg,TRAIN_VAL
DE000089201_roof_hook_6.jpg,TRAIN_VAL
DE000144792_roof_hook_4.jpg,TRAIN_VAL
DE000169971_roof_hook_8.jpg,TRAIN_VAL
DE000086086_roof_hook_1.jpg,TRAIN_VAL
760580_roof_hook_4.jpg,TRAIN_VAL
DE000213436_roof_hook_3.jpg,TRAIN_VAL
DE000169890_roof_hook_1.jpg,TRAIN_VAL
DE000047818_roof_hook_1.jpg,TRAIN_VAL
DE000212202_roof_hook_16.jpg,TRAIN_VAL
961501_roof_hook_1.jpg,TRAIN_VAL
DE000080078_roof_hook_8.jpg,TRAIN_VAL
DE000102053_roof_hook_1.jpg,TRAIN_VAL
DE000063447_roof_hook_2.jpg,TRAIN_VAL
DE000065178_roof_hook_4.jpg,TRAIN_VAL
DE000009746_roof_hook_1.jpg,TRAIN_VAL
DE000142524_roof_hook_7.jpg,TRAIN_VAL
612224_roof_hook_1.jpg,TRAIN_VAL
DE000211222_roof_hook_1.jpg,TRAIN_VAL
DE000202815_roof_hook_9.jpg,TRAIN_VAL
DE000081692_roof_hook_1.jpg,TRAIN_VAL
DE000064153_roof_hook_3.jpg,TRAIN_VAL
DE000092746_roof_hook_4.jpg,TRAIN_VAL
DE000096099_roof_hook_7.jpg,TRAIN_VAL
DE000009240_roof_hook_2.jpg,TRAIN_VAL
DE000072028_roof_hook_5.jpg,TRAIN_VAL
DE000032435_roof_hook_10.jpg,TRAIN_VAL
953006_roof_hook_7.jpg,TRAIN_VAL
DE000109657_roof_hook_2.jpg,TRAIN_VAL
DE000154671_roof_hook_3.jpg,TRAIN_VAL
DE000064016_roof_hook_1.jpg,TRAIN_VAL
DE000105416_roof_hook_3.jpg,TRAIN_VAL
DE000039102_roof_hook_1.jpg,TRAIN_VAL
952070_roof_hook_4.jpg,TRAIN_VAL
DE000096274_roof_hook_1.jpg,TRAIN_VAL
DE000110308_roof_hook_5.jpg,TRAIN_VAL
DE000067530_roof_hook_1.jpg,TRAIN_VAL
DE000280605_roof_hook_1.jpg,TRAIN_VAL
DE000203705_roof_hook_9.jpg,TRAIN_VAL
DE000273213_roof_hook_6.jpg,TRAIN_VAL
DE000043682_roof_hook_2.jpg,TRAIN_VAL
887766_roof_hook_4.jpg,TRAIN_VAL
DE000059953_roof_hook_4.jpg,TRAIN_VAL
DE000127578_roof_hook_3.jpg,TRAIN_VAL
DE000052525_roof_hook_1.jpg,TRAIN_VAL
917486_roof_hook_5.jpg,TRAIN_VAL
879288_roof_hook_6.jpg,TRAIN_VAL
DE000101174_roof_hook_3.jpg,TRAIN_VAL
DE000123101_roof_hook_1.jpg,TRAIN_VAL
DE000204994_roof_hook_3.jpg,TRAIN_VAL
763693_roof_hook_2.jpg,TRAIN_VAL
DE000236149_roof_hook_4.jpg,TRAIN_VAL
887760_roof_hook_2.jpg,TRAIN_VAL
912159_roof_hook_1.jpg,TRAIN_VAL
DE000227182_roof_hook_4.jpg,TRAIN_VAL
DE000112826_roof_hook_5.jpg,TRAIN_VAL
430800_roof_hook_1.jpg,TRAIN_VAL
933342_roof_hook_4.jpg,TRAIN_VAL
DE000092746_roof_hook_2.jpg,TRAIN_VAL
DE000199443_roof_hook_6.jpg,TRAIN_VAL
712028_roof_hook_1.jpg,TRAIN_VAL
879288_roof_hook_7.jpg,TRAIN_VAL
DE000141452_roof_hook_7.jpg,TRAIN_VAL
DE000131584_roof_hook_4.jpg,TRAIN_VAL
DE000087355_roof_hook_6.jpg,TRAIN_VAL
DE000044861_roof_hook_5.jpg,TRAIN_VAL
809239_roof_hook_2.jpg,TRAIN_VAL
DE000232412_roof_hook_3.jpg,TRAIN_VAL
DE000072950_roof_hook_6.jpg,TRAIN_VAL
DE000293526_roof_hook_3.jpg,TRAIN_VAL
DE000079036_roof_hook_2.jpg,TRAIN_VAL
DE000132327_roof_hook_4.jpg,TRAIN_VAL
937200_roof_hook_15.jpg,TRAIN_VAL
DE000038146_roof_hook_8.jpg,TRAIN_VAL
DE000130735_roof_hook_1.jpg,TRAIN_VAL
DE000173819_roof_hook_2.jpg,TRAIN_VAL
DE000068609_roof_hook_4.jpg,TRAIN_VAL
DE000223625_roof_hook_3.jpg,TRAIN_VAL
DE000290883_roof_hook_5.jpg,TRAIN_VAL
DE000059357_roof_hook_2.jpg,TRAIN_VAL
DE000259415_roof_hook_1.jpg,TRAIN_VAL
DE000067429_roof_hook_1.jpg,TRAIN_VAL
DE000065405_roof_hook_6.jpg,TRAIN_VAL
966446_roof_hook_1.jpg,TRAIN_VAL
DE000116731_roof_hook_2.jpg,TRAIN_VAL
DE000095387_roof_hook_9.jpg,TRAIN_VAL
874970_roof_hook_1.jpg,TRAIN_VAL
800153_roof_hook_5.jpg,TRAIN_VAL
959815_roof_hook_8.jpg,TRAIN_VAL
DE000098094_roof_hook_4.jpg,TRAIN_VAL
DE000239419_roof_hook_3.jpg,TRAIN_VAL
DE000256384_roof_hook_3.jpg,TRAIN_VAL
DE000121719_roof_hook_1.jpg,TRAIN_VAL
DE000238625_roof_hook_3.jpg,TRAIN_VAL
DE000231403_roof_hook_4.jpg,TRAIN_VAL
DE000258207_roof_hook_3.jpg,TRAIN_VAL
969372_roof_hook_6.jpg,TRAIN_VAL
DE000259500_roof_hook_5.jpg,TRAIN_VAL
DE000124479_roof_hook_1.jpg,TRAIN_VAL
DE000089664_roof_hook_1.jpg,TRAIN_VAL
DE000294728_roof_hook_2.jpg,TRAIN_VAL
DE000183295_roof_hook_6.jpg,TRAIN_VAL
DE000053163_roof_hook_3.jpg,TRAIN_VAL
DE000090347_roof_hook_5.jpg,TRAIN_VAL
DE000191901_roof_hook_1.jpg,TRAIN_VAL
DE000109593_roof_hook_9.jpg,TRAIN_VAL
DE000075217_roof_hook_3.jpg,TRAIN_VAL
DE000141452_roof_hook_4.jpg,TRAIN_VAL
DE000038545_roof_hook_7.jpg,TRAIN_VAL
DE000102922_roof_hook_3.jpg,TRAIN_VAL
DE000256384_roof_hook_5.jpg,TRAIN_VAL
DE000070670_roof_hook_10.jpg,TRAIN_VAL
DE000127160_roof_hook_7.jpg,TRAIN_VAL
851981_roof_hook_1.jpg,TRAIN_VAL
DE000128707_roof_hook_3.jpg,TRAIN_VAL
DE000073718_roof_hook_1.jpg,TRAIN_VAL
DE000089571_roof_hook_9.jpg,TRAIN_VAL
DE000103961_roof_hook_1.jpg,TRAIN_VAL
DE000067400_roof_hook_2.jpg,TRAIN_VAL
DE000212202_roof_hook_10.jpg,TRAIN_VAL
DE000140039_roof_hook_2.jpg,TRAIN_VAL
DE000117650_roof_hook_9.jpg,TRAIN_VAL
876451_roof_hook_1.jpg,TRAIN_VAL
DE000104728_roof_hook_6.jpg,TRAIN_VAL
DE000293641_roof_hook_4.jpg,TRAIN_VAL
DE000090771_roof_hook_4.jpg,TRAIN_VAL
DE000225765_roof_hook_8.jpg,TRAIN_VAL
DE000247065_roof_hook_2.jpg,TRAIN_VAL
DE000062116_roof_hook_1.jpg,TRAIN_VAL
DE000102153_roof_hook_2.jpg,TRAIN_VAL
DE000063862_roof_hook_3.jpg,TRAIN_VAL
DE000029685_roof_hook_1.jpg,TRAIN_VAL
950076_roof_hook_7.jpg,TRAIN_VAL
DE000088016_roof_hook_2.jpg,TRAIN_VAL
965067_roof_hook_5.jpg,TRAIN_VAL
DE000085815_roof_hook_3.jpg,TRAIN_VAL
951039_roof_hook_3.jpg,TRAIN_VAL
DE000120999_roof_hook_4.jpg,TRAIN_VAL
DE000054174_roof_hook_4.jpg,TRAIN_VAL
DE000230459_roof_hook_4.jpg,TRAIN_VAL
DE000075725_roof_hook_4.jpg,TRAIN_VAL
DE000070463_roof_hook_2.jpg,TRAIN_VAL
DE000197600_roof_hook_3.jpg,TRAIN_VAL
838045_roof_hook_6.jpg,TRAIN_VAL
918247_roof_hook_8.jpg,TRAIN_VAL
DE000048343_roof_hook_2.jpg,TRAIN_VAL
DE000094413_roof_hook_1.jpg,TRAIN_VAL
DE000126765_roof_hook_1.jpg,TRAIN_VAL
DE000112454_roof_hook_11.jpg,TRAIN_VAL
DE000276727_roof_hook_2.jpg,TRAIN_VAL
DE000045498_roof_hook_1.jpg,TRAIN_VAL
DE000043983_roof_hook_2.jpg,TRAIN_VAL
DE000050268_roof_hook_1.jpg,TRAIN_VAL
DE000045200_roof_hook_13.jpg,TRAIN_VAL
DE000040577_roof_hook_1.jpg,TRAIN_VAL
DE000250511_roof_hook_1.jpg,TRAIN_VAL
DE000087629_roof_hook_3.jpg,TRAIN_VAL
DE000082155_roof_hook_6.jpg,TRAIN_VAL
DE000272421_roof_hook_2.jpg,TRAIN_VAL
DE000110797_roof_hook_1.jpg,TRAIN_VAL
DE000117000_roof_hook_2.jpg,TRAIN_VAL
DE000107139_roof_hook_1.jpg,TRAIN_VAL
DE000137742_roof_hook_3.jpg,TRAIN_VAL
DE000070682_roof_hook_13.jpg,TRAIN_VAL
DE000264892_roof_hook_2.jpg,TRAIN_VAL
DE000260063_roof_hook_2.jpg,TRAIN_VAL
DE000269716_roof_hook_3.jpg,TRAIN_VAL
DE000042989_roof_hook_3.jpg,TRAIN_VAL
DE000096976_roof_hook_2.jpg,TRAIN_VAL
DE000121686_roof_hook_4.jpg,TRAIN_VAL
DE000242250_roof_hook_5.jpg,TRAIN_VAL
20210928bktEAB_roof_hook_4.jpg,TRAIN_VAL
DE000115964_roof_hook_7.jpg,TRAIN_VAL
DE000105416_roof_hook_2.jpg,TRAIN_VAL
951196_roof_hook_4.jpg,TRAIN_VAL
DE000092462_roof_hook_4.jpg,TRAIN_VAL
DE000228231_roof_hook_1.jpg,TRAIN_VAL
DE000091925_roof_hook_2.jpg,TRAIN_VAL
776569_roof_hook_4.jpg,TRAIN_VAL
DE000120530_roof_hook_1.jpg,TRAIN_VAL
DE000225423_roof_hook_2.jpg,TRAIN_VAL
904287_roof_hook_4.jpg,TRAIN_VAL
DE000057223_roof_hook_1.jpg,TRAIN_VAL
930839_roof_hook_3.jpg,TRAIN_VAL
DE000054343_roof_hook_4.jpg,TRAIN_VAL
DE000064231_roof_hook_1.jpg,TRAIN_VAL
DE000280983_roof_hook_8.jpg,TRAIN_VAL
DE000103169_roof_hook_7.jpg,TRAIN_VAL
933812_roof_hook_1.jpg,TRAIN_VAL
878754_roof_hook_3.jpg,TRAIN_VAL
DE000135918_roof_hook_4.jpg,TRAIN_VAL
345239_roof_hook_3.jpg,TRAIN_VAL
DE000281155_roof_hook_3.jpg,TRAIN_VAL
DE000115190_roof_hook_5.jpg,TRAIN_VAL
DE000051281_roof_hook_6.jpg,TRAIN_VAL
DE000137014_roof_hook_4.jpg,TRAIN_VAL
DE000088701_roof_hook_4.jpg,TRAIN_VAL
DE000072811_roof_hook_7.jpg,TRAIN_VAL
DE000044485_roof_hook_1.jpg,TRAIN_VAL
DE000245356_roof_hook_4.jpg,TRAIN_VAL
DE000056776_roof_hook_5.jpg,TRAIN_VAL
DE000061177_roof_hook_1.jpg,TRAIN_VAL
DE000184236_roof_hook_7.jpg,TRAIN_VAL
DE000139280_roof_hook_5.jpg,TRAIN_VAL
DE000055611_roof_hook_1.jpg,TRAIN_VAL
DE000249925_roof_hook_1.jpg,TRAIN_VAL
DE000262000_roof_hook_2.jpg,TRAIN_VAL
DE000084468_roof_hook_2.jpg,TRAIN_VAL
DE000143646_roof_hook_1.jpg,TRAIN_VAL
DE000138374_roof_hook_1.jpg,TRAIN_VAL
DE000030218_roof_hook_5.jpg,TRAIN_VAL
DE000076470_roof_hook_3.jpg,TRAIN_VAL
DE000260283_roof_hook_3.jpg,TRAIN_VAL
DE000149730_roof_hook_3.jpg,TRAIN_VAL
DE000291779_roof_hook_2.jpg,TRAIN_VAL
DE000141856_roof_hook_2.jpg,TRAIN_VAL
DE000070626_roof_hook_3.jpg,TRAIN_VAL
951159_roof_hook_5.jpg,TRAIN_VAL
DE000078536_roof_hook_14.jpg,TRAIN_VAL
DE000116794_roof_hook_5.jpg,TRAIN_VAL
DE000289917_roof_hook_1.jpg,TRAIN_VAL
DE000076280_roof_hook_7.jpg,TRAIN_VAL
DE000116600_roof_hook_1.jpg,TRAIN_VAL
DE000134802_roof_hook_9.jpg,TRAIN_VAL
DE000072932_roof_hook_5.jpg,TRAIN_VAL
DE000045054_roof_hook_4.jpg,TRAIN_VAL
DE000067948_roof_hook_1.jpg,TRAIN_VAL
DE000201588_roof_hook_2.jpg,TRAIN_VAL
DE000104034_roof_hook_2.jpg,TRAIN_VAL
DE000108968_roof_hook_2.jpg,TRAIN_VAL
DE000098896_roof_hook_4.jpg,TRAIN_VAL
DE000081550_roof_hook_8.jpg,TRAIN_VAL
DE000055096_roof_hook_2.jpg,TRAIN_VAL
863202_roof_hook_5.jpg,TRAIN_VAL
DE000211969_roof_hook_1.jpg,TRAIN_VAL
780433_roof_hook_2.jpg,TRAIN_VAL
DE000258646_roof_hook_2.jpg,TRAIN_VAL
DE000051522_roof_hook_4.jpg,TRAIN_VAL
DE000060659_roof_hook_5.jpg,TRAIN_VAL
DE000066756_roof_hook_1.jpg,TRAIN_VAL
DE000175414_roof_hook_1.jpg,TRAIN_VAL
DE000132327_roof_hook_3.jpg,TRAIN_VAL
DE000102956_roof_hook_5.jpg,TRAIN_VAL
945860_roof_hook_3.jpg,TRAIN_VAL
DE000055740_roof_hook_1.jpg,TRAIN_VAL
DE000216739_roof_hook_4.jpg,TRAIN_VAL
DE000123101_roof_hook_3.jpg,TRAIN_VAL
DE000272779_roof_hook_2.jpg,TRAIN_VAL
DE000235835_roof_hook_2.jpg,TRAIN_VAL
DE000067091_roof_hook_1.jpg,TRAIN_VAL
DE000218269_roof_hook_5.jpg,TRAIN_VAL
955470_roof_hook_4.jpg,TRAIN_VAL
DE000096759_roof_hook_9.jpg,TRAIN_VAL
DE000060669_roof_hook_1.jpg,TRAIN_VAL
DE000191782_roof_hook_1.jpg,TRAIN_VAL
DE000104586_roof_hook_18.jpg,TRAIN_VAL
DE000033313_roof_hook_8.jpg,TRAIN_VAL
DE000069368_roof_hook_9.jpg,TRAIN_VAL
DE000059357_roof_hook_1.jpg,TRAIN_VAL
DE000139698_roof_hook_8.jpg,TRAIN_VAL
DE000089521_roof_hook_1.jpg,TRAIN_VAL
DE000290001_roof_hook_4.jpg,TRAIN_VAL
DE000065948_roof_hook_6.jpg,TRAIN_VAL
DE000088382_roof_hook_1.jpg,TRAIN_VAL
DE000243477_roof_hook_1.jpg,TRAIN_VAL
DE000245896_roof_hook_5.jpg,TRAIN_VAL
DE000047325_roof_hook_1.jpg,TRAIN_VAL
DE000117650_roof_hook_3.jpg,TRAIN_VAL
DE000135879_roof_hook_1.jpg,TRAIN_VAL
DE000108522_roof_hook_3.jpg,TRAIN_VAL
DE000256669_roof_hook_7.jpg,TRAIN_VAL
DE000090947_roof_hook_1.jpg,TRAIN_VAL
DE000127389_roof_hook_8.jpg,TRAIN_VAL
938826_roof_hook_2.jpg,TRAIN_VAL
DE000086947_roof_hook_3.jpg,TRAIN_VAL
DE000256758_roof_hook_6.jpg,TRAIN_VAL
DE000167808_roof_hook_6.jpg,TRAIN_VAL
DE000279768_roof_hook_2.jpg,TRAIN_VAL
DE000125161_roof_hook_7.jpg,TRAIN_VAL
DE000180676_roof_hook_2.jpg,TRAIN_VAL
DE000231690_roof_hook_3.jpg,TRAIN_VAL
DE000092506_roof_hook_1.jpg,TRAIN_VAL
DE000074898_roof_hook_4.jpg,TRAIN_VAL
DE000101433_roof_hook_2.jpg,TRAIN_VAL
930957_roof_hook_10.jpg,TRAIN_VAL
DE000083584_roof_hook_5.jpg,TRAIN_VAL
DE000047818_roof_hook_3.jpg,TRAIN_VAL
DE000210285_roof_hook_6.jpg,TRAIN_VAL
DE000069345_roof_hook_5.jpg,TRAIN_VAL
DE000189778_roof_hook_1.jpg,TRAIN_VAL
DE000141452_roof_hook_13.jpg,TRAIN_VAL
DE000066518_roof_hook_3.jpg,TRAIN_VAL
DE000105416_roof_hook_4.jpg,TRAIN_VAL
DE000209368_roof_hook_5.jpg,TRAIN_VAL
DE000242809_roof_hook_7.jpg,TRAIN_VAL
DE000107572_roof_hook_6.jpg,TRAIN_VAL
DE000132320_roof_hook_1.jpg,TRAIN_VAL
DE000086078_roof_hook_7.jpg,TRAIN_VAL
DE000087355_roof_hook_3.jpg,TRAIN_VAL
DE000086709_roof_hook_3.jpg,TRAIN_VAL
912152_roof_hook_9.jpg,TRAIN_VAL
DE000203020_roof_hook_6.jpg,TRAIN_VAL
DE000099619_roof_hook_1.jpg,TRAIN_VAL
DE000088303_roof_hook_1.jpg,TRAIN_VAL
DE000104600_roof_hook_8.jpg,TRAIN_VAL
DE000080567_roof_hook_3.jpg,TRAIN_VAL
DE000294054_roof_hook_4.jpg,TRAIN_VAL
DE000107136_roof_hook_12.jpg,TRAIN_VAL
881754_roof_hook_4.jpg,TRAIN_VAL
DE000048725_roof_hook_5.jpg,TRAIN_VAL
DE000105595_roof_hook_3.jpg,TRAIN_VAL
DE000124425_roof_hook_5.jpg,TRAIN_VAL
DE000203430_roof_hook_2.jpg,TRAIN_VAL
DE000133093_roof_hook_6.jpg,TRAIN_VAL
DE000284053_roof_hook_11.jpg,TRAIN_VAL
DE000075416_roof_hook_7.jpg,TRAIN_VAL
DE000009027_roof_hook_1.jpg,TRAIN_VAL
DE000082830_roof_hook_3.jpg,TRAIN_VAL
DE000209202_roof_hook_1.jpg,TRAIN_VAL
DE000123836_roof_hook_3.jpg,TRAIN_VAL
DE000195206_roof_hook_3.jpg,TRAIN_VAL
DE000095744_roof_hook_2.jpg,TRAIN_VAL
DE000262838_roof_hook_6.jpg,TRAIN_VAL
DE000181256_roof_hook_1.jpg,TRAIN_VAL
DE000034522_roof_hook_6.jpg,TRAIN_VAL
DE000138423_roof_hook_10.jpg,TRAIN_VAL
DE000231034_roof_hook_4.jpg,TRAIN_VAL
945860_roof_hook_1.jpg,TRAIN_VAL
DE000052674_roof_hook_3.jpg,TRAIN_VAL
DE000099718_roof_hook_3.jpg,TRAIN_VAL
DE000088545_roof_hook_3.jpg,TRAIN_VAL
DE000109392_roof_hook_12.jpg,TRAIN_VAL
745029_roof_hook_1.jpg,TRAIN_VAL
861237_roof_hook_1.jpg,TRAIN_VAL
DE000267037_roof_hook_2.jpg,TRAIN_VAL
DE000234338_roof_hook_2.jpg,TRAIN_VAL
DE000032580_roof_hook_4.jpg,TRAIN_VAL
DE000277878_roof_hook_2.jpg,TRAIN_VAL
DE000009472_roof_hook_2.jpg,TRAIN_VAL
DE000121708_roof_hook_2.jpg,TRAIN_VAL
DE000197811_roof_hook_3.jpg,TRAIN_VAL
DE000085003_roof_hook_1.jpg,TRAIN_VAL
DE000104600_roof_hook_2.jpg,TRAIN_VAL
DE000070417_roof_hook_4.jpg,TRAIN_VAL
904268_roof_hook_5.jpg,TRAIN_VAL
DE000228052_roof_hook_11.jpg,TRAIN_VAL
DE000097913_roof_hook_5.jpg,TRAIN_VAL
DE000110329_roof_hook_3.jpg,TRAIN_VAL
925834_roof_hook_2.jpg,TRAIN_VAL
DE000094171_roof_hook_1.jpg,TRAIN_VAL
DE000180970_roof_hook_11.jpg,TRAIN_VAL
DE000206214_roof_hook_3.jpg,TRAIN_VAL
DE000112718_roof_hook_5.jpg,TRAIN_VAL
DE000199443_roof_hook_1.jpg,TRAIN_VAL
DE000084845_roof_hook_1.jpg,TRAIN_VAL
DE000064359_roof_hook_4.jpg,TRAIN_VAL
DE000040928_roof_hook_4.jpg,TRAIN_VAL
DE000089166_roof_hook_4.jpg,TRAIN_VAL
DE000080966_roof_hook_4.jpg,TRAIN_VAL
DE000198261_roof_hook_6.jpg,TRAIN_VAL
DE000117522_roof_hook_5.jpg,TRAIN_VAL
DE000030658_roof_hook_3.jpg,TRAIN_VAL
DE000071951_roof_hook_4.jpg,TRAIN_VAL
DE000104583_roof_hook_5.jpg,TRAIN_VAL
DE000245356_roof_hook_3.jpg,TRAIN_VAL
DE000069078_roof_hook_3.jpg,TRAIN_VAL
896624_roof_hook_2.jpg,TRAIN_VAL
DE000083775_roof_hook_2.jpg,TRAIN_VAL
DE000237791_roof_hook_1.jpg,TRAIN_VAL
DE000078182_roof_hook_1.jpg,TRAIN_VAL
DE000072860_roof_hook_2.jpg,TRAIN_VAL
DE000238930_roof_hook_6.jpg,TRAIN_VAL
DE000058005_roof_hook_6.jpg,TRAIN_VAL
DE000106559_roof_hook_3.jpg,TRAIN_VAL
DE000193688_roof_hook_3.jpg,TRAIN_VAL
DE000085105_roof_hook_3.jpg,TRAIN_VAL
885034_roof_hook_1.jpg,TRAIN_VAL
DE000136653_roof_hook_2.jpg,TRAIN_VAL
DE000140019_roof_hook_3.jpg,TRAIN_VAL
758330_roof_hook_1.jpg,TRAIN_VAL
DE000151426_roof_hook_5.jpg,TRAIN_VAL
DE000123907_roof_hook_1.jpg,TRAIN_VAL
934009_roof_hook_1.jpg,TRAIN_VAL
DE000211602_roof_hook_3.jpg,TRAIN_VAL
DE000038951_roof_hook_2.jpg,TRAIN_VAL
DE000106621_roof_hook_6.jpg,TRAIN_VAL
DE000131002_roof_hook_3.jpg,TRAIN_VAL
DE000084543_roof_hook_1.jpg,TRAIN_VAL
936024_roof_hook_2.jpg,TRAIN_VAL
DE000184236_roof_hook_6.jpg,TRAIN_VAL
DE000054462_roof_hook_8.jpg,TRAIN_VAL
871727_roof_hook_2.jpg,TRAIN_VAL
DE000065078_roof_hook_1.jpg,TRAIN_VAL
DE000133099_roof_hook_5.jpg,TRAIN_VAL
DE000283216_roof_hook_4.jpg,TRAIN_VAL
DE000146285_roof_hook_11.jpg,TRAIN_VAL
DE000031500_roof_hook_17.jpg,TRAIN_VAL
DE000213342_roof_hook_1.jpg,TRAIN_VAL
DE000083583_roof_hook_4.jpg,TRAIN_VAL
DE000089224_roof_hook_4.jpg,TRAIN_VAL
DE000082583_roof_hook_1.jpg,TRAIN_VAL
DE000070773_roof_hook_1.jpg,TRAIN_VAL
DE000117132_roof_hook_1.jpg,TRAIN_VAL
DE000059616_roof_hook_9.jpg,TRAIN_VAL
DE000101404_roof_hook_2.jpg,TRAIN_VAL
DE000102922_roof_hook_6.jpg,TRAIN_VAL
DE000139301_roof_hook_3.jpg,TRAIN_VAL
DE000262810_roof_hook_1.jpg,TRAIN_VAL
DE000172909_roof_hook_3.jpg,TRAIN_VAL
DE000080019_roof_hook_2.jpg,TRAIN_VAL
DE000096759_roof_hook_7.jpg,TRAIN_VAL
DE000145289_roof_hook_2.jpg,TRAIN_VAL
DE000277889_roof_hook_2.jpg,TRAIN_VAL
DE000132574_roof_hook_1.jpg,TRAIN_VAL
DE000112005_roof_hook_3.jpg,TRAIN_VAL
DE000128771_roof_hook_4.jpg,TRAIN_VAL
DE000076984_roof_hook_8.jpg,TRAIN_VAL
DE000250009_roof_hook_10.jpg,TRAIN_VAL
DE000051514_roof_hook_3.jpg,TRAIN_VAL
DE000084189_roof_hook_2.jpg,TRAIN_VAL
933380_roof_hook_4.jpg,TRAIN_VAL
DE000049712_roof_hook_3.jpg,TRAIN_VAL
DE000056111_roof_hook_1.jpg,TRAIN_VAL
DE000080019_roof_hook_1.jpg,TRAIN_VAL
DE000049074_roof_hook_5.jpg,TRAIN_VAL
DE000184098_roof_hook_4.jpg,TRAIN_VAL
DE000065763_roof_hook_7.jpg,TRAIN_VAL
DE000262078_roof_hook_5.jpg,TRAIN_VAL
DE000091445_roof_hook_4.jpg,TRAIN_VAL
DE000291866_roof_hook_5.jpg,TRAIN_VAL
961946_roof_hook_2.jpg,TRAIN_VAL
DE000192276_roof_hook_1.jpg,TRAIN_VAL
DE000282316_roof_hook_3.jpg,TRAIN_VAL
DE000091929_roof_hook_2.jpg,TRAIN_VAL
DE000064946_roof_hook_1.jpg,TRAIN_VAL
DE000068346_roof_hook_7.jpg,TRAIN_VAL
DE000237263_roof_hook_3.jpg,TRAIN_VAL
DE000112044_roof_hook_6.jpg,TRAIN_VAL
DE000132509_roof_hook_1.jpg,TRAIN_VAL
DE000234569_roof_hook_3.jpg,TRAIN_VAL
DE000145995_roof_hook_5.jpg,TRAIN_VAL
DE000217338_roof_hook_1.jpg,TRAIN_VAL
DE000135874_roof_hook_8.jpg,TRAIN_VAL
DE000081550_roof_hook_5.jpg,TRAIN_VAL
DE000188737_roof_hook_3.jpg,TRAIN_VAL
DE000215749_roof_hook_2.jpg,TRAIN_VAL
DE000139900_roof_hook_3.jpg,TRAIN_VAL
DE000225069_roof_hook_3.jpg,TRAIN_VAL
DE000077219_roof_hook_2.jpg,TRAIN_VAL
809239_roof_hook_6.jpg,TRAIN_VAL
DE000209400_roof_hook_1.jpg,TRAIN_VAL
DE000065916_roof_hook_2.jpg,TRAIN_VAL
DE000095291_roof_hook_2.jpg,TRAIN_VAL
DE000108854_roof_hook_4.jpg,TRAIN_VAL
870489_roof_hook_10.jpg,TRAIN_VAL
DE000283842_roof_hook_3.jpg,TRAIN_VAL
DE000044046_roof_hook_4.jpg,TRAIN_VAL
DE000075343_roof_hook_1.jpg,TRAIN_VAL
DE000076413_roof_hook_1.jpg,TRAIN_VAL
843276_roof_hook_3.jpg,TRAIN_VAL
DE000123744_roof_hook_8.jpg,TRAIN_VAL
DE000216739_roof_hook_5.jpg,TRAIN_VAL
DE000098973_roof_hook_4.jpg,TRAIN_VAL
DE000060894_roof_hook_9.jpg,TRAIN_VAL
DE000171827_roof_hook_3.jpg,TRAIN_VAL
807552_roof_hook_2.jpg,TRAIN_VAL
DE000068265_roof_hook_6.jpg,TRAIN_VAL
DE000048849_roof_hook_6.jpg,TRAIN_VAL
DE000047478_roof_hook_8.jpg,TRAIN_VAL
DE000068078_roof_hook_10.jpg,TRAIN_VAL
DE000099522_roof_hook_3.jpg,TRAIN_VAL
DE000048469_roof_hook_1.jpg,TRAIN_VAL
DE000118911_roof_hook_3.jpg,TRAIN_VAL
908091_roof_hook_6.jpg,TRAIN_VAL
DE000106450_roof_hook_6.jpg,TRAIN_VAL
DE000113268_roof_hook_8.jpg,TRAIN_VAL
DE000096099_roof_hook_4.jpg,TRAIN_VAL
DE000277318_roof_hook_1.jpg,TRAIN_VAL
DE000112652_roof_hook_7.jpg,TRAIN_VAL
DE000119895_roof_hook_1.jpg,TRAIN_VAL
DE000130262_roof_hook_2.jpg,TRAIN_VAL
DE000191252_roof_hook_4.jpg,TRAIN_VAL
DE000271733_roof_hook_5.jpg,TRAIN_VAL
DE000079553_roof_hook_9.jpg,TRAIN_VAL
DE000140150_roof_hook_8.jpg,TRAIN_VAL
DE000064903_roof_hook_1.jpg,TRAIN_VAL
DE000031591_roof_hook_3.jpg,TRAIN_VAL
DE000089392_roof_hook_9.jpg,TRAIN_VAL
DE000092584_roof_hook_6.jpg,TRAIN_VAL
DE000137842_roof_hook_1.jpg,TRAIN_VAL
DE000215256_roof_hook_10.jpg,TRAIN_VAL
DE000054439_roof_hook_4.jpg,TRAIN_VAL
DE000266689_roof_hook_3.jpg,TRAIN_VAL
DE000077960_roof_hook_5.jpg,TRAIN_VAL
DE000113428_roof_hook_14.jpg,TRAIN_VAL
DE000056989_roof_hook_2.jpg,TRAIN_VAL
DE000258421_roof_hook_6.jpg,TRAIN_VAL
958534_roof_hook_4.jpg,TRAIN_VAL
DE000287566_roof_hook_7.jpg,TRAIN_VAL
934154_roof_hook_9.jpg,TRAIN_VAL
792583_roof_hook_6.jpg,TRAIN_VAL
DE000097744_roof_hook_5.jpg,TRAIN_VAL
DE000125617_roof_hook_18.jpg,TRAIN_VAL
DE000230423_roof_hook_11.jpg,TRAIN_VAL
DE000227886_roof_hook_1.jpg,TRAIN_VAL
DE000271339_roof_hook_2.jpg,TRAIN_VAL
DE000257480_roof_hook_4.jpg,TRAIN_VAL
DE000112235_roof_hook_2.jpg,TRAIN_VAL
DE000114446_roof_hook_6.jpg,TRAIN_VAL
DE000098145_roof_hook_1.jpg,TRAIN_VAL
945275_roof_hook_4.jpg,TRAIN_VAL
DE000067230_roof_hook_2.jpg,TRAIN_VAL
927656_roof_hook_3.jpg,TRAIN_VAL
DE000063097_roof_hook_7.jpg,TRAIN_VAL
DE000036265_roof_hook_1.jpg,TRAIN_VAL
DE000127304_roof_hook_10.jpg,TRAIN_VAL
DE000262231_roof_hook_3.jpg,TRAIN_VAL
DE000111659_roof_hook_1.jpg,TRAIN_VAL
DE000078772_roof_hook_1.jpg,TRAIN_VAL
DE000232412_roof_hook_2.jpg,TRAIN_VAL
DE000105944_roof_hook_1.jpg,TRAIN_VAL
DE000130911_roof_hook_2.jpg,TRAIN_VAL
DE000081250_roof_hook_6.jpg,TRAIN_VAL
DE000122566_roof_hook_1.jpg,TRAIN_VAL
956382_roof_hook_1.jpg,TRAIN_VAL
DE000192232_roof_hook_4.jpg,TRAIN_VAL
DE000276361_roof_hook_6.jpg,TRAIN_VAL
DE000070723_roof_hook_7.jpg,TRAIN_VAL
DE000212093_roof_hook_7.jpg,TRAIN_VAL
DE000048280_roof_hook_5.jpg,TRAIN_VAL
322208_roof_hook_2.jpg,TRAIN_VAL
DE000255084_roof_hook_1.jpg,TRAIN_VAL
DE000045745_roof_hook_4.jpg,TRAIN_VAL
DE000030400_roof_hook_2.jpg,TRAIN_VAL
DE000060894_roof_hook_4.jpg,TRAIN_VAL
430800_roof_hook_3.jpg,TRAIN_VAL
959468_roof_hook_3.jpg,TRAIN_VAL
DE000043922_roof_hook_3.jpg,TRAIN_VAL
DE000135918_roof_hook_2.jpg,TRAIN_VAL
DE000035517_roof_hook_3.jpg,TRAIN_VAL
DE000245141_roof_hook_1.jpg,TRAIN_VAL
DE000053316_roof_hook_2.jpg,TRAIN_VAL
763609_roof_hook_3.jpg,TRAIN_VAL
933452_roof_hook_7.jpg,TRAIN_VAL
DE000146285_roof_hook_9.jpg,TRAIN_VAL
DE000070324_roof_hook_2.jpg,TRAIN_VAL
DE000143541_roof_hook_2.jpg,TRAIN_VAL
DE000125250_roof_hook_1.jpg,TRAIN_VAL
DE000119077_roof_hook_3.jpg,TRAIN_VAL
DE000050489_roof_hook_3.jpg,TRAIN_VAL
DE000189449_roof_hook_5.jpg,TRAIN_VAL
DE000120099_roof_hook_5.jpg,TRAIN_VAL
DE000068929_roof_hook_3.jpg,TRAIN_VAL
DE000117058_roof_hook_1.jpg,TRAIN_VAL
DE000077846_roof_hook_4.jpg,TRAIN_VAL
DE000239012_roof_hook_6.jpg,TRAIN_VAL
DE000035487_roof_hook_11.jpg,TRAIN_VAL
DE000072860_roof_hook_1.jpg,TRAIN_VAL
DE000286187_roof_hook_4.jpg,TRAIN_VAL
DE000125021_roof_hook_3.jpg,TRAIN_VAL
DE000142036_roof_hook_3.jpg,TRAIN_VAL
DE000057168_roof_hook_8.jpg,TRAIN_VAL
DE000233503_roof_hook_7.jpg,TRAIN_VAL
943125_roof_hook_1.jpg,TRAIN_VAL
DE000085572_roof_hook_4.jpg,TRAIN_VAL
DE000077704_roof_hook_7.jpg,TRAIN_VAL
DE000055099_roof_hook_5.jpg,TRAIN_VAL
DE000119426_roof_hook_3.jpg,TRAIN_VAL
922377_roof_hook_1.jpg,TRAIN_VAL
DE000081587_roof_hook_2.jpg,TRAIN_VAL
DE000247728_roof_hook_2.jpg,TRAIN_VAL
DE000204692_roof_hook_1.jpg,TRAIN_VAL
DE000091471_roof_hook_4.jpg,TRAIN_VAL
DE000043839_roof_hook_13.jpg,TRAIN_VAL
DE000080966_roof_hook_9.jpg,TRAIN_VAL
DE000146897_roof_hook_16.jpg,TRAIN_VAL
DE000235504_roof_hook_1.jpg,TRAIN_VAL
863707_roof_hook_9.jpg,TRAIN_VAL
DE000220003_roof_hook_1.jpg,TRAIN_VAL
DE000104941_roof_hook_2.jpg,TRAIN_VAL
DE000269853_roof_hook_3.jpg,TRAIN_VAL
DE000289453_roof_hook_4.jpg,TRAIN_VAL
DE000090306_roof_hook_1.jpg,TRAIN_VAL
897316_roof_hook_1.jpg,TRAIN_VAL
DE000089009_roof_hook_1.jpg,TRAIN_VAL
DE000182923_roof_hook_4.jpg,TRAIN_VAL
DE000128346_roof_hook_4.jpg,TRAIN_VAL
DE000228132_roof_hook_3.jpg,TRAIN_VAL
DE000136440_roof_hook_1.jpg,TRAIN_VAL
DE000212202_roof_hook_17.jpg,TRAIN_VAL
DE000211117_roof_hook_1.jpg,TRAIN_VAL
DE000277357_roof_hook_6.jpg,TRAIN_VAL
DE000054646_roof_hook_1.jpg,TRAIN_VAL
DE000053322_roof_hook_1.jpg,TRAIN_VAL
DE000232663_roof_hook_10.jpg,TRAIN_VAL
DE000061177_roof_hook_5.jpg,TRAIN_VAL
DE000271476_roof_hook_8.jpg,TRAIN_VAL
DE000112379_roof_hook_4.jpg,TRAIN_VAL
DE000082131_roof_hook_9.jpg,TRAIN_VAL
DE000144383_roof_hook_1.jpg,TRAIN_VAL
DE000055249_roof_hook_10.jpg,TRAIN_VAL
DE000265606_roof_hook_2.jpg,TRAIN_VAL
DE000097644_roof_hook_2.jpg,TRAIN_VAL
DE000129620_roof_hook_1.jpg,TRAIN_VAL
DE000284080_roof_hook_4.jpg,TRAIN_VAL
904287_roof_hook_5.jpg,TRAIN_VAL
DE000124875_roof_hook_2.jpg,TRAIN_VAL
DE000266387_roof_hook_12.jpg,TRAIN_VAL
DE000128427_roof_hook_2.jpg,TRAIN_VAL
DE000062315_roof_hook_2.jpg,TRAIN_VAL
DE000129946_roof_hook_1.jpg,TRAIN_VAL
DE000125549_roof_hook_5.jpg,TRAIN_VAL
DE000113446_roof_hook_2.jpg,TRAIN_VAL
DE000224166_roof_hook_6.jpg,TRAIN_VAL
DE000032051_roof_hook_3.jpg,TRAIN_VAL
DE000140292_roof_hook_1.jpg,TRAIN_VAL
DE000106939_roof_hook_2.jpg,TRAIN_VAL
DE000145289_roof_hook_3.jpg,TRAIN_VAL
DE000072283_roof_hook_1.jpg,TRAIN_VAL
DE000211217_roof_hook_2.jpg,TRAIN_VAL
DE000135490_roof_hook_3.jpg,TRAIN_VAL
DE000106450_roof_hook_3.jpg,TRAIN_VAL
796810_roof_hook_4.jpg,TRAIN_VAL
DE000073570_roof_hook_1.jpg,TRAIN_VAL
945644_roof_hook_5.jpg,TRAIN_VAL
904269_roof_hook_1.jpg,TRAIN_VAL
DE000227130_roof_hook_3.jpg,TRAIN_VAL
904626_roof_hook_12.jpg,TRAIN_VAL
DE000190352_roof_hook_2.jpg,TRAIN_VAL
DE000064896_roof_hook_6.jpg,TRAIN_VAL
DE000029283_roof_hook_9.jpg,TRAIN_VAL
DE000052743_roof_hook_3.jpg,TRAIN_VAL
DE000191168_roof_hook_5.jpg,TRAIN_VAL
DE000009355_roof_hook_1.jpg,TRAIN_VAL
DE000228442_roof_hook_1.jpg,TRAIN_VAL
DE000112588_roof_hook_7.jpg,TRAIN_VAL
DE000103752_roof_hook_3.jpg,TRAIN_VAL
DE000080737_roof_hook_8.jpg,TRAIN_VAL
DE000181256_roof_hook_7.jpg,TRAIN_VAL
DE000227763_roof_hook_4.jpg,TRAIN_VAL
DE000131537_roof_hook_5.jpg,TRAIN_VAL
DE000052608_roof_hook_6.jpg,TRAIN_VAL
795244_roof_hook_4.jpg,TRAIN_VAL
DE000233265_roof_hook_2.jpg,TRAIN_VAL
DE000247655_roof_hook_13.jpg,TRAIN_VAL
DE000108522_roof_hook_12.jpg,TRAIN_VAL
DE000036054_roof_hook_5.jpg,TRAIN_VAL
DE000086078_roof_hook_2.jpg,TRAIN_VAL
DE000068609_roof_hook_2.jpg,TRAIN_VAL
DE000117000_roof_hook_4.jpg,TRAIN_VAL
DE000207761_roof_hook_6.jpg,TRAIN_VAL
DE000099699_roof_hook_8.jpg,TRAIN_VAL
DE000087168_roof_hook_3.jpg,TRAIN_VAL
DE000113268_roof_hook_2.jpg,TRAIN_VAL
DE000123571_roof_hook_9.jpg,TRAIN_VAL
DE000291785_roof_hook_5.jpg,TRAIN_VAL
DE000159735_roof_hook_3.jpg,TRAIN_VAL
924072_roof_hook_4.jpg,TRAIN_VAL
916540_roof_hook_2.jpg,TRAIN_VAL
DE000051514_roof_hook_2.jpg,TRAIN_VAL
918257_roof_hook_3.jpg,TRAIN_VAL
DE000172909_roof_hook_4.jpg,TRAIN_VAL
719357_roof_hook_2.jpg,TRAIN_VAL
DE000118972_roof_hook_9.jpg,TRAIN_VAL
DE000242834_roof_hook_4.jpg,TRAIN_VAL
749581_roof_hook_4.jpg,TRAIN_VAL
DE000287566_roof_hook_10.jpg,TRAIN_VAL
DE000053156_roof_hook_12.jpg,TRAIN_VAL
DE000251220_roof_hook_1.jpg,TRAIN_VAL
DE000275889_roof_hook_2.jpg,TRAIN_VAL
DE000029413_roof_hook_11.jpg,TRAIN_VAL
DE000041609_roof_hook_1.jpg,TRAIN_VAL
DE000116731_roof_hook_3.jpg,TRAIN_VAL
DE000101799_roof_hook_3.jpg,TRAIN_VAL
DE000076984_roof_hook_11.jpg,TRAIN_VAL
934400_roof_hook_8.jpg,TRAIN_VAL
DE000272309_roof_hook_1.jpg,TRAIN_VAL
DE000097497_roof_hook_9.jpg,TRAIN_VAL
DE000042785_roof_hook_3.jpg,TRAIN_VAL
DE000131341_roof_hook_2.jpg,TRAIN_VAL
DE000091929_roof_hook_9.jpg,TRAIN_VAL
DE000280549_roof_hook_3.jpg,TRAIN_VAL
DE000064334_roof_hook_1.jpg,TRAIN_VAL
959039_roof_hook_3.jpg,TRAIN_VAL
DE000101237_roof_hook_3.jpg,TRAIN_VAL
DE000078126_roof_hook_4.jpg,TRAIN_VAL
DE000142026_roof_hook_4.jpg,TRAIN_VAL
DE000131584_roof_hook_1.jpg,TRAIN_VAL
DE000227886_roof_hook_4.jpg,TRAIN_VAL
792771_roof_hook_5.jpg,TRAIN_VAL
DE000134764_roof_hook_7.jpg,TRAIN_VAL
911022_roof_hook_9.jpg,TRAIN_VAL
DE000194560_roof_hook_3.jpg,TRAIN_VAL
870489_roof_hook_15.jpg,TRAIN_VAL
DE000077830_roof_hook_3.jpg,TRAIN_VAL
DE000284159_roof_hook_3.jpg,TRAIN_VAL
DE000254932_roof_hook_1.jpg,TRAIN_VAL
DE000055249_roof_hook_1.jpg,TRAIN_VAL
DE000071241_roof_hook_3.jpg,TRAIN_VAL
DE000120504_roof_hook_2.jpg,TRAIN_VAL
DE000041326_roof_hook_1.jpg,TRAIN_VAL
DE000098896_roof_hook_5.jpg,TRAIN_VAL
DE000104583_roof_hook_1.jpg,TRAIN_VAL
DE000116489_roof_hook_4.jpg,TRAIN_VAL
DE000009200_roof_hook_1.jpg,TRAIN_VAL
DE000042821_roof_hook_6.jpg,TRAIN_VAL
DE000119317_roof_hook_4.jpg,TRAIN_VAL
DE000106543_roof_hook_3.jpg,TRAIN_VAL
DE000143787_roof_hook_13.jpg,TRAIN_VAL
DE000112195_roof_hook_8.jpg,TRAIN_VAL
DE000074561_roof_hook_1.jpg,TRAIN_VAL
DE000115728_roof_hook_1.jpg,TRAIN_VAL
DE000228052_roof_hook_10.jpg,TRAIN_VAL
873746_roof_hook_1.jpg,TRAIN_VAL
DE000117216_roof_hook_9.jpg,TRAIN_VAL
DE000083616_roof_hook_2.jpg,TRAIN_VAL
DE000110371_roof_hook_1.jpg,TRAIN_VAL
838045_roof_hook_3.jpg,TRAIN_VAL
DE000222908_roof_hook_3.jpg,TRAIN_VAL
DE000236180_roof_hook_8.jpg,TRAIN_VAL
DE000112728_roof_hook_2.jpg,TRAIN_VAL
DE000139900_roof_hook_5.jpg,TRAIN_VAL
750222_roof_hook_1.jpg,TRAIN_VAL
DE000141783_roof_hook_17.jpg,TRAIN_VAL
DE000250752_roof_hook_2.jpg,TRAIN_VAL
DE000081692_roof_hook_7.jpg,TRAIN_VAL
DE000075748_roof_hook_6.jpg,TRAIN_VAL
DE000256488_roof_hook_1.jpg,TRAIN_VAL
DE000178220_roof_hook_8.jpg,TRAIN_VAL
DE000280983_roof_hook_11.jpg,TRAIN_VAL
DE000081199_roof_hook_4.jpg,TRAIN_VAL
DE000170264_roof_hook_1.jpg,TRAIN_VAL
DE000234814_roof_hook_4.jpg,TRAIN_VAL
DE000127848_roof_hook_1.jpg,TRAIN_VAL
DE000251009_roof_hook_1.jpg,TRAIN_VAL
DE000223239_roof_hook_4.jpg,TRAIN_VAL
DE000123907_roof_hook_5.jpg,TRAIN_VAL
962530_roof_hook_3.jpg,TRAIN_VAL
DE000076030_roof_hook_5.jpg,TRAIN_VAL
DE000085715_roof_hook_2.jpg,TRAIN_VAL
DE000009377_roof_hook_7.jpg,TRAIN_VAL
923859_roof_hook_5.jpg,TRAIN_VAL
DE000052265_roof_hook_3.jpg,TRAIN_VAL
DE000111208_roof_hook_1.jpg,TRAIN_VAL
DE000057129_roof_hook_2.jpg,TRAIN_VAL
DE000066522_roof_hook_3.jpg,TRAIN_VAL
DE000136681_roof_hook_4.jpg,TRAIN_VAL
DE000111695_roof_hook_1.jpg,TRAIN_VAL
DE000198098_roof_hook_2.jpg,TRAIN_VAL
DE000108334_roof_hook_5.jpg,TRAIN_VAL
DE000055790_roof_hook_6.jpg,TRAIN_VAL
949903_roof_hook_2.jpg,TRAIN_VAL
DE000141783_roof_hook_5.jpg,TRAIN_VAL
DE000048101_roof_hook_8.jpg,TRAIN_VAL
DE000141071_roof_hook_3.jpg,TRAIN_VAL
969372_roof_hook_3.jpg,TRAIN_VAL
DE000061019_roof_hook_5.jpg,TRAIN_VAL
DE000095291_roof_hook_1.jpg,TRAIN_VAL
DE000119192_roof_hook_1.jpg,TRAIN_VAL
DE000295709_roof_hook_5.jpg,TRAIN_VAL
DE000059208_roof_hook_1.jpg,TRAIN_VAL
891459_roof_hook_1.jpg,TRAIN_VAL
DE000127055_roof_hook_2.jpg,TRAIN_VAL
DE000058773_roof_hook_2.jpg,TRAIN_VAL
DE000079014_roof_hook_1.jpg,TRAIN_VAL
DE000211085_roof_hook_3.jpg,TRAIN_VAL
DE000221639_roof_hook_4.jpg,TRAIN_VAL
DE000119925_roof_hook_1.jpg,TRAIN_VAL
943212_roof_hook_4.jpg,TRAIN_VAL
DE000069414_roof_hook_8.jpg,TRAIN_VAL
DE000145759_roof_hook_2.jpg,TRAIN_VAL
DE000071951_roof_hook_2.jpg,TRAIN_VAL
DE000100390_roof_hook_3.jpg,TRAIN_VAL
DE000068151_roof_hook_13.jpg,TRAIN_VAL
DE000057515_roof_hook_1.jpg,TRAIN_VAL
865750_roof_hook_3.jpg,TRAIN_VAL
DE000092569_roof_hook_1.jpg,TRAIN_VAL
DE000062600_roof_hook_5.jpg,TRAIN_VAL
DE000113446_roof_hook_8.jpg,TRAIN_VAL
DE000063704_roof_hook_1.jpg,TRAIN_VAL
DE000130651_roof_hook_1.jpg,TRAIN_VAL
DE000142799_roof_hook_2.jpg,TRAIN_VAL
DE000135289_roof_hook_2.jpg,TRAIN_VAL
DE000056985_roof_hook_2.jpg,TRAIN_VAL
DE000037804_roof_hook_3.jpg,TRAIN_VAL
896624_roof_hook_1.jpg,TRAIN_VAL
DE000033753_roof_hook_2.jpg,TRAIN_VAL
DE000111208_roof_hook_2.jpg,TRAIN_VAL
DE000102614_roof_hook_1.jpg,TRAIN_VAL
DE000076030_roof_hook_2.jpg,TRAIN_VAL
DE000045605_roof_hook_3.jpg,TRAIN_VAL
DE000108592_roof_hook_4.jpg,TRAIN_VAL
DE000207347_roof_hook_14.jpg,TRAIN_VAL
DE000107830_roof_hook_5.jpg,TRAIN_VAL
843232_roof_hook_3.jpg,TRAIN_VAL
892443_roof_hook_2.jpg,TRAIN_VAL
929309_roof_hook_1.jpg,TRAIN_VAL
DE000242647_roof_hook_4.jpg,TRAIN_VAL
DE000032500_roof_hook_4.jpg,TRAIN_VAL
DE000042441_roof_hook_5.jpg,TRAIN_VAL
DE000232559_roof_hook_6.jpg,TRAIN_VAL
DE000272430_roof_hook_2.jpg,TRAIN_VAL
DE000121335_roof_hook_4.jpg,TRAIN_VAL
DE000265729_roof_hook_13.jpg,TRAIN_VAL
DE000121031_roof_hook_11.jpg,TRAIN_VAL
DE000256758_roof_hook_1.jpg,TRAIN_VAL
933221_roof_hook_2.jpg,TRAIN_VAL
DE000209414_roof_hook_3.jpg,TRAIN_VAL
DE000197600_roof_hook_7.jpg,TRAIN_VAL
DE000101875_roof_hook_2.jpg,TRAIN_VAL
DE000184236_roof_hook_4.jpg,TRAIN_VAL
955470_roof_hook_6.jpg,TRAIN_VAL
DE000112242_roof_hook_2.jpg,TRAIN_VAL
DE000067230_roof_hook_5.jpg,TRAIN_VAL
DE000119192_roof_hook_2.jpg,TRAIN_VAL
DE000049349_roof_hook_4.jpg,TRAIN_VAL
DE000232151_roof_hook_6.jpg,TRAIN_VAL
DE000075748_roof_hook_3.jpg,TRAIN_VAL
DE000251933_roof_hook_1.jpg,TRAIN_VAL
DE000127224_roof_hook_3.jpg,TRAIN_VAL
DE000079553_roof_hook_6.jpg,TRAIN_VAL
DE000090809_roof_hook_2.jpg,TRAIN_VAL
DE000069706_roof_hook_13.jpg,TRAIN_VAL
DE000235770_roof_hook_1.jpg,TRAIN_VAL
DE000279768_roof_hook_5.jpg,TRAIN_VAL
DE000058196_roof_hook_1.jpg,TRAIN_VAL
923698_roof_hook_2.jpg,TRAIN_VAL
DE000100857_roof_hook_3.jpg,TRAIN_VAL
DE000104052_roof_hook_2.jpg,TRAIN_VAL
DE000056687_roof_hook_2.jpg,TRAIN_VAL
DE000094650_roof_hook_8.jpg,TRAIN_VAL
DE000080475_roof_hook_3.jpg,TRAIN_VAL
DE000226693_roof_hook_3.jpg,TRAIN_VAL
865760_roof_hook_7.jpg,TRAIN_VAL
DE000092462_roof_hook_1.jpg,TRAIN_VAL
DE000085105_roof_hook_2.jpg,TRAIN_VAL
832858_roof_hook_5.jpg,TRAIN_VAL
DE000112718_roof_hook_1.jpg,TRAIN_VAL
DE000246868_roof_hook_1.jpg,TRAIN_VAL
900085_roof_hook_6.jpg,TRAIN_VAL
DE000042821_roof_hook_2.jpg,TRAIN_VAL
DE000125319_roof_hook_8.jpg,TRAIN_VAL
DE000043922_roof_hook_6.jpg,TRAIN_VAL
DE000085830_roof_hook_4.jpg,TRAIN_VAL
DE000051619_roof_hook_3.jpg,TRAIN_VAL
DE000080737_roof_hook_1.jpg,TRAIN_VAL
DE000076236_roof_hook_1.jpg,TRAIN_VAL
DE000110195_roof_hook_1.jpg,TRAIN_VAL
DE000119700_roof_hook_1.jpg,TRAIN_VAL
DE000110012_roof_hook_1.jpg,TRAIN_VAL
900085_roof_hook_9.jpg,TRAIN_VAL
DE000036447_roof_hook_4.jpg,TRAIN_VAL
DE000059829_roof_hook_4.jpg,TRAIN_VAL
DE000102937_roof_hook_4.jpg,TRAIN_VAL
DE000284053_roof_hook_4.jpg,TRAIN_VAL
763693_roof_hook_3.jpg,TRAIN_VAL
DE000065078_roof_hook_3.jpg,TRAIN_VAL
DE000089571_roof_hook_2.jpg,TRAIN_VAL
DE000108522_roof_hook_9.jpg,TRAIN_VAL
DE000231677_roof_hook_2.jpg,TRAIN_VAL
DE000057579_roof_hook_1.jpg,TRAIN_VAL
DE000226375_roof_hook_8.jpg,TRAIN_VAL
DE000264089_roof_hook_3.jpg,TRAIN_VAL
DE000210285_roof_hook_1.jpg,TRAIN_VAL
929159_roof_hook_3.jpg,TRAIN_VAL
DE000135412_roof_hook_3.jpg,TRAIN_VAL
DE000080109_roof_hook_1.jpg,TRAIN_VAL
DE000130801_roof_hook_5.jpg,TRAIN_VAL
DE000281182_roof_hook_2.jpg,TRAIN_VAL
DE000145145_roof_hook_2.jpg,TRAIN_VAL
DE000069368_roof_hook_2.jpg,TRAIN_VAL
DE000073106_roof_hook_17.jpg,TRAIN_VAL
DE000126653_roof_hook_6.jpg,TRAIN_VAL
DE000202815_roof_hook_7.jpg,TRAIN_VAL
DE000076413_roof_hook_3.jpg,TRAIN_VAL
DE000259353_roof_hook_4.jpg,TRAIN_VAL
670599_roof_hook_2.jpg,TRAIN_VAL
DE000090282_roof_hook_2.jpg,TRAIN_VAL
DE000099117_roof_hook_3.jpg,TRAIN_VAL
DE000076385_roof_hook_2.jpg,TRAIN_VAL
DE000070626_roof_hook_4.jpg,TRAIN_VAL
DE000110195_roof_hook_5.jpg,TRAIN_VAL
DE000275067_roof_hook_7.jpg,TRAIN_VAL
DE000151889_roof_hook_5.jpg,TRAIN_VAL
DE000267850_roof_hook_3.jpg,TRAIN_VAL
DE000289636_roof_hook_4.jpg,TRAIN_VAL
DE000081594_roof_hook_5.jpg,TRAIN_VAL
DE000127797_roof_hook_7.jpg,TRAIN_VAL
DE000055099_roof_hook_1.jpg,TRAIN_VAL
DE000180468_roof_hook_2.jpg,TRAIN_VAL
DE000201820_roof_hook_2.jpg,TRAIN_VAL
DE000038449_roof_hook_4.jpg,TRAIN_VAL
DE000109431_roof_hook_4.jpg,TRAIN_VAL
DE000178220_roof_hook_10.jpg,TRAIN_VAL
DE000055099_roof_hook_10.jpg,TRAIN_VAL
DE000122359_roof_hook_1.jpg,TRAIN_VAL
DE000239003_roof_hook_12.jpg,TRAIN_VAL
DE000138265_roof_hook_5.jpg,TRAIN_VAL
DE000070723_roof_hook_4.jpg,TRAIN_VAL
DE000089125_roof_hook_2.jpg,TRAIN_VAL
DE000099084_roof_hook_1.jpg,TRAIN_VAL
DE000092650_roof_hook_6.jpg,TRAIN_VAL
DE000138280_roof_hook_4.jpg,TRAIN_VAL
DE000075502_roof_hook_1.jpg,TRAIN_VAL
DE000136653_roof_hook_18.jpg,TRAIN_VAL
DE000052265_roof_hook_6.jpg,TRAIN_VAL
DE000120110_roof_hook_1.jpg,TRAIN_VAL
DE000207364_roof_hook_3.jpg,TRAIN_VAL
943125_roof_hook_3.jpg,TRAIN_VAL
DE000080555_roof_hook_5.jpg,TRAIN_VAL
DE000064088_roof_hook_2.jpg,TRAIN_VAL
951159_roof_hook_1.jpg,TRAIN_VAL
DE000041512_roof_hook_10.jpg,TRAIN_VAL
DE000083565_roof_hook_5.jpg,TRAIN_VAL
DE000185125_roof_hook_1.jpg,TRAIN_VAL
DE000145289_roof_hook_1.jpg,TRAIN_VAL
DE000232133_roof_hook_3.jpg,TRAIN_VAL
DE000141783_roof_hook_3.jpg,TRAIN_VAL
DE000255549_roof_hook_2.jpg,TRAIN_VAL
868141_roof_hook_2.jpg,TRAIN_VAL
DE000035517_roof_hook_1.jpg,TRAIN_VAL
DE000141215_roof_hook_3.jpg,TRAIN_VAL
DE000085908_roof_hook_3.jpg,TRAIN_VAL
DE000192232_roof_hook_8.jpg,TRAIN_VAL
DE000134468_roof_hook_4.jpg,TRAIN_VAL
DE000115037_roof_hook_1.jpg,TRAIN_VAL
DE000097919_roof_hook_3.jpg,TRAIN_VAL
DE000087044_roof_hook_5.jpg,TRAIN_VAL
DE000143570_roof_hook_4.jpg,TRAIN_VAL
DE000109290_roof_hook_1.jpg,TRAIN_VAL
DE000072833_roof_hook_3.jpg,TRAIN_VAL
DE000073436_roof_hook_3.jpg,TRAIN_VAL
DE000090591_roof_hook_6.jpg,TRAIN_VAL
DE000226744_roof_hook_8.jpg,TRAIN_VAL
DE000169057_roof_hook_1.jpg,TRAIN_VAL
DE000086078_roof_hook_1.jpg,TRAIN_VAL
DE000079804_roof_hook_5.jpg,TRAIN_VAL
DE000076038_roof_hook_5.jpg,TRAIN_VAL
DE000120202_roof_hook_3.jpg,TRAIN_VAL
DE000075888_roof_hook_4.jpg,TRAIN_VAL
DE000085056_roof_hook_4.jpg,TRAIN_VAL
DE000139321_roof_hook_1.jpg,TRAIN_VAL
DE000207156_roof_hook_2.jpg,TRAIN_VAL
DE000107502_roof_hook_3.jpg,TRAIN_VAL
DE000183320_roof_hook_1.jpg,TRAIN_VAL
DE000195408_roof_hook_4.jpg,TRAIN_VAL
DE000067577_roof_hook_1.jpg,TRAIN_VAL
DE000108875_roof_hook_2.jpg,TRAIN_VAL
DE000069368_roof_hook_18.jpg,TRAIN_VAL
DE000093401_roof_hook_7.jpg,TRAIN_VAL
DE000077986_roof_hook_3.jpg,TRAIN_VAL
961594_roof_hook_1.jpg,TRAIN_VAL
DE000118954_roof_hook_9.jpg,TRAIN_VAL
DE000114242_roof_hook_3.jpg,TRAIN_VAL
DE000101819_roof_hook_4.jpg,TRAIN_VAL
DE000069368_roof_hook_3.jpg,TRAIN_VAL
DE000084301_roof_hook_8.jpg,TRAIN_VAL
DE000096099_roof_hook_8.jpg,TRAIN_VAL
DE000077139_roof_hook_4.jpg,TRAIN_VAL
DE000278147_roof_hook_3.jpg,TRAIN_VAL
DE000101310_roof_hook_2.jpg,TRAIN_VAL
DE000250511_roof_hook_2.jpg,TRAIN_VAL
DE000083793_roof_hook_1.jpg,TRAIN_VAL
DE000137842_roof_hook_4.jpg,TRAIN_VAL
DE000061917_roof_hook_2.jpg,TRAIN_VAL
DE000101007_roof_hook_2.jpg,TRAIN_VAL
DE000079860_roof_hook_5.jpg,TRAIN_VAL
DE000234782_roof_hook_2.jpg,TRAIN_VAL
DE000045200_roof_hook_4.jpg,TRAIN_VAL
DE000102937_roof_hook_9.jpg,TRAIN_VAL
929528_roof_hook_1.jpg,TRAIN_VAL
DE000108522_roof_hook_7.jpg,TRAIN_VAL
20211001iq7EAB_roof_hook_2.jpg,TRAIN_VAL
DE000257326_roof_hook_2.jpg,TRAIN_VAL
DE000144716_roof_hook_2.jpg,TRAIN_VAL
DE000038358_roof_hook_3.jpg,TRAIN_VAL
891956_roof_hook_3.jpg,TRAIN_VAL
DE000139871_roof_hook_1.jpg,TRAIN_VAL
DE000144936_roof_hook_3.jpg,TRAIN_VAL
741762_roof_hook_6.jpg,TRAIN_VAL
DE000083584_roof_hook_1.jpg,TRAIN_VAL
DE000067221_roof_hook_4.jpg,TRAIN_VAL
913027_roof_hook_3.jpg,TRAIN_VAL
DE000241848_roof_hook_2.jpg,TRAIN_VAL
DE000041609_roof_hook_6.jpg,TRAIN_VAL
DE000057168_roof_hook_2.jpg,TRAIN_VAL
DE000047375_roof_hook_2.jpg,TRAIN_VAL
DE000121726_roof_hook_3.jpg,TRAIN_VAL
963698_roof_hook_2.jpg,TRAIN_VAL
DE000060983_roof_hook_7.jpg,TRAIN_VAL
DE000139236_roof_hook_3.jpg,TRAIN_VAL
DE000106223_roof_hook_9.jpg,TRAIN_VAL
DE000063767_roof_hook_2.jpg,TRAIN_VAL
869766_roof_hook_1.jpg,TRAIN_VAL
DE000132284_roof_hook_1.jpg,TRAIN_VAL
DE000080391_roof_hook_3.jpg,TRAIN_VAL
DE000085144_roof_hook_11.jpg,TRAIN_VAL
DE000106706_roof_hook_1.jpg,TRAIN_VAL
907004_roof_hook_1.jpg,TRAIN_VAL
DE000109864_roof_hook_6.jpg,TRAIN_VAL
DE000226693_roof_hook_5.jpg,TRAIN_VAL
898049_roof_hook_4.jpg,TRAIN_VAL
903665_roof_hook_3.jpg,TRAIN_VAL
DE000163429_roof_hook_1.jpg,TRAIN_VAL
DE000110283_roof_hook_1.jpg,TRAIN_VAL
DE000074719_roof_hook_2.jpg,TRAIN_VAL
DE000075245_roof_hook_7.jpg,TRAIN_VAL
DE000031500_roof_hook_12.jpg,TRAIN_VAL
952070_roof_hook_3.jpg,TRAIN_VAL
DE000071524_roof_hook_9.jpg,TRAIN_VAL
DE000278218_roof_hook_4.jpg,TRAIN_VAL
DE000092726_roof_hook_2.jpg,TRAIN_VAL
DE000108498_roof_hook_2.jpg,TRAIN_VAL
DE000113268_roof_hook_5.jpg,TRAIN_VAL
937703_roof_hook_2.jpg,TRAIN_VAL
DE000034002_roof_hook_4.jpg,TRAIN_VAL
DE000046862_roof_hook_1.jpg,TRAIN_VAL
DE000098708_roof_hook_2.jpg,TRAIN_VAL
DE000095662_roof_hook_1.jpg,TRAIN_VAL
DE000106450_roof_hook_4.jpg,TRAIN_VAL
DE000109757_roof_hook_3.jpg,TRAIN_VAL
DE000091402_roof_hook_7.jpg,TRAIN_VAL
DE000076038_roof_hook_1.jpg,TRAIN_VAL
DE000215863_roof_hook_4.jpg,TRAIN_VAL
DE000290891_roof_hook_6.jpg,TRAIN_VAL
931454_roof_hook_4.jpg,TRAIN_VAL
DE000125789_roof_hook_1.jpg,TRAIN_VAL
DE000052608_roof_hook_2.jpg,TRAIN_VAL
DE000209368_roof_hook_4.jpg,TRAIN_VAL
826295_roof_hook_8.jpg,TRAIN_VAL
DE000088701_roof_hook_2.jpg,TRAIN_VAL
DE000122865_roof_hook_6.jpg,TRAIN_VAL
DE000090187_roof_hook_2.jpg,TRAIN_VAL
DE000278935_roof_hook_13.jpg,TRAIN_VAL
DE000029829_roof_hook_5.jpg,TRAIN_VAL
DE000115587_roof_hook_2.jpg,TRAIN_VAL
DE000217796_roof_hook_16.jpg,TRAIN_VAL
DE000130911_roof_hook_4.jpg,TRAIN_VAL
DE000218410_roof_hook_4.jpg,TRAIN_VAL
DE000035553_roof_hook_2.jpg,TRAIN_VAL
DE000136308_roof_hook_2.jpg,TRAIN_VAL
638003_roof_hook_1.jpg,TRAIN_VAL
DE000123873_roof_hook_3.jpg,TRAIN_VAL
DE000113656_roof_hook_2.jpg,TRAIN_VAL
DE000098964_roof_hook_4.jpg,TRAIN_VAL
DE000073449_roof_hook_1.jpg,TRAIN_VAL
DE000098124_roof_hook_1.jpg,TRAIN_VAL
DE000076105_roof_hook_3.jpg,TRAIN_VAL
936725_roof_hook_9.jpg,TRAIN_VAL
DE000133356_roof_hook_10.jpg,TRAIN_VAL
DE000136319_roof_hook_1.jpg,TRAIN_VAL
DE000227182_roof_hook_5.jpg,TRAIN_VAL
DE000043733_roof_hook_4.jpg,TRAIN_VAL
DE000043765_roof_hook_14.jpg,TRAIN_VAL
DE000035553_roof_hook_6.jpg,TRAIN_VAL
DE000089201_roof_hook_4.jpg,TRAIN_VAL
DE000077110_roof_hook_3.jpg,TRAIN_VAL
DE000123215_roof_hook_4.jpg,TRAIN_VAL
DE000036253_roof_hook_1.jpg,TRAIN_VAL
904234_roof_hook_4.jpg,TRAIN_VAL
DE000049544_roof_hook_2.jpg,TRAIN_VAL
DE000076236_roof_hook_3.jpg,TRAIN_VAL
DE000089256_roof_hook_2.jpg,TRAIN_VAL
DE000115022_roof_hook_4.jpg,TRAIN_VAL
DE000059616_roof_hook_10.jpg,TRAIN_VAL
DE000145788_roof_hook_3.jpg,TRAIN_VAL
DE000111064_roof_hook_1.jpg,TRAIN_VAL
DE000167782_roof_hook_2.jpg,TRAIN_VAL
DE000052768_roof_hook_4.jpg,TRAIN_VAL
DE000063447_roof_hook_8.jpg,TRAIN_VAL
DE000063063_roof_hook_3.jpg,TRAIN_VAL
DE000051579_roof_hook_6.jpg,TRAIN_VAL
DE000259803_roof_hook_1.jpg,TRAIN_VAL
DE000109593_roof_hook_3.jpg,TRAIN_VAL
DE000074369_roof_hook_6.jpg,TRAIN_VAL
DE000112718_roof_hook_8.jpg,TRAIN_VAL
DE000064170_roof_hook_3.jpg,TRAIN_VAL
DE000065790_roof_hook_1.jpg,TRAIN_VAL
DE000100067_roof_hook_2.jpg,TRAIN_VAL
DE000089115_roof_hook_10.jpg,TRAIN_VAL
DE000116986_roof_hook_2.jpg,TRAIN_VAL
DE000066657_roof_hook_1.jpg,TRAIN_VAL
DE000104586_roof_hook_3.jpg,TRAIN_VAL
DE000106403_roof_hook_2.jpg,TRAIN_VAL
943456_roof_hook_1.jpg,TRAIN_VAL
DE000117582_roof_hook_1.jpg,TRAIN_VAL
DE000114446_roof_hook_8.jpg,TRAIN_VAL
882610_roof_hook_8.jpg,TRAIN_VAL
DE000091759_roof_hook_16.jpg,TRAIN_VAL
DE000116084_roof_hook_6.jpg,TRAIN_VAL
DE000047325_roof_hook_13.jpg,TRAIN_VAL
DE000113428_roof_hook_13.jpg,TRAIN_VAL
DE000241784_roof_hook_1.jpg,TRAIN_VAL
DE000282706_roof_hook_1.jpg,TRAIN_VAL
DE000041654_roof_hook_1.jpg,TRAIN_VAL
841080_roof_hook_5.jpg,TRAIN_VAL
DE000149226_roof_hook_12.jpg,TRAIN_VAL
DE000257706_roof_hook_6.jpg,TRAIN_VAL
DE000086627_roof_hook_3.jpg,TRAIN_VAL
787176_roof_hook_2.jpg,TRAIN_VAL
DE000086627_roof_hook_15.jpg,TRAIN_VAL
DE000080755_roof_hook_3.jpg,TRAIN_VAL
DE000086078_roof_hook_3.jpg,TRAIN_VAL
DE000109757_roof_hook_5.jpg,TRAIN_VAL
DE000193224_roof_hook_7.jpg,TRAIN_VAL
DE000048842_roof_hook_8.jpg,TRAIN_VAL
DE000083775_roof_hook_4.jpg,TRAIN_VAL
DE000056764_roof_hook_7.jpg,TRAIN_VAL
936024_roof_hook_1.jpg,TRAIN_VAL
DE000247065_roof_hook_3.jpg,TRAIN_VAL
DE000242647_roof_hook_2.jpg,TRAIN_VAL
949100_roof_hook_1.jpg,TRAIN_VAL
DE000068151_roof_hook_9.jpg,TRAIN_VAL
DE000143667_roof_hook_1.jpg,TRAIN_VAL
DE000048343_roof_hook_1.jpg,TRAIN_VAL
DE000049608_roof_hook_3.jpg,TRAIN_VAL
DE000077430_roof_hook_2.jpg,TRAIN_VAL
878917_roof_hook_1.jpg,TRAIN_VAL
DE000107526_roof_hook_5.jpg,TRAIN_VAL
DE000110674_roof_hook_6.jpg,TRAIN_VAL
DE000103809_roof_hook_4.jpg,TRAIN_VAL
DE000099059_roof_hook_1.jpg,TRAIN_VAL
DE000045187_roof_hook_2.jpg,TRAIN_VAL
956382_roof_hook_4.jpg,TRAIN_VAL
808998_roof_hook_5.jpg,TRAIN_VAL
DE000042670_roof_hook_6.jpg,TRAIN_VAL
DE000135923_roof_hook_2.jpg,TRAIN_VAL
966652_roof_hook_1.jpg,TRAIN_VAL
DE000223143_roof_hook_3.jpg,TRAIN_VAL
DE000103752_roof_hook_4.jpg,TRAIN_VAL
912452_roof_hook_5.jpg,TRAIN_VAL
DE000235419_roof_hook_3.jpg,TRAIN_VAL
DE000124888_roof_hook_8.jpg,TRAIN_VAL
DE000091569_roof_hook_2.jpg,TRAIN_VAL
DE000284875_roof_hook_1.jpg,TRAIN_VAL
DE000073541_roof_hook_5.jpg,TRAIN_VAL
DE000109219_roof_hook_1.jpg,TRAIN_VAL
DE000145825_roof_hook_1.jpg,TRAIN_VAL
DE000049431_roof_hook_3.jpg,TRAIN_VAL
DE000266884_roof_hook_15.jpg,TRAIN_VAL
953700_roof_hook_1.jpg,TRAIN_VAL
DE000104847_roof_hook_1.jpg,TRAIN_VAL
DE000266884_roof_hook_17.jpg,TRAIN_VAL
DE000075993_roof_hook_3.jpg,TRAIN_VAL
629466_roof_hook_1.jpg,TRAIN_VAL
DE000130883_roof_hook_7.jpg,TRAIN_VAL
DE000063102_roof_hook_6.jpg,TRAIN_VAL
930957_roof_hook_6.jpg,TRAIN_VAL
DE000041711_roof_hook_1.jpg,TRAIN_VAL
DE000122840_roof_hook_2.jpg,TRAIN_VAL
DE000094437_roof_hook_1.jpg,TRAIN_VAL
DE000239519_roof_hook_3.jpg,TRAIN_VAL
DE000236180_roof_hook_4.jpg,TRAIN_VAL
911022_roof_hook_3.jpg,TRAIN_VAL
953611_roof_hook_4.jpg,TRAIN_VAL
DE000038358_roof_hook_4.jpg,TRAIN_VAL
931852_roof_hook_1.jpg,TRAIN_VAL
DE000278716_roof_hook_5.jpg,TRAIN_VAL
DE000089807_roof_hook_2.jpg,TRAIN_VAL
DE000177318_roof_hook_6.jpg,TRAIN_VAL
DE000010134_roof_hook_4.jpg,TRAIN_VAL
DE000102937_roof_hook_1.jpg,TRAIN_VAL
DE000113932_roof_hook_9.jpg,TRAIN_VAL
DE000144075_roof_hook_5.jpg,TRAIN_VAL
DE000093401_roof_hook_14.jpg,TRAIN_VAL
DE000096635_roof_hook_1.jpg,TRAIN_VAL
DE000070682_roof_hook_16.jpg,TRAIN_VAL
DE000060894_roof_hook_7.jpg,TRAIN_VAL
738142_roof_hook_1.jpg,TRAIN_VAL
DE000032887_roof_hook_2.jpg,TRAIN_VAL
DE000129573_roof_hook_1.jpg,TRAIN_VAL
DE000070682_roof_hook_19.jpg,TRAIN_VAL
DE000067330_roof_hook_2.jpg,TRAIN_VAL
952711_roof_hook_1.jpg,TRAIN_VAL
DE000065749_roof_hook_6.jpg,TRAIN_VAL
873257_roof_hook_4.jpg,TRAIN_VAL
DE000229031_roof_hook_8.jpg,TRAIN_VAL
DE000048842_roof_hook_5.jpg,TRAIN_VAL
DE000192670_roof_hook_3.jpg,TRAIN_VAL
DE000057249_roof_hook_2.jpg,TRAIN_VAL
829444_roof_hook_8.jpg,TRAIN_VAL
DE000119555_roof_hook_1.jpg,TRAIN_VAL
DE000178718_roof_hook_2.jpg,TRAIN_VAL
DE000208613_roof_hook_6.jpg,TRAIN_VAL
DE000112652_roof_hook_5.jpg,TRAIN_VAL
DE000048842_roof_hook_4.jpg,TRAIN_VAL
DE000113428_roof_hook_12.jpg,TRAIN_VAL
873257_roof_hook_3.jpg,TRAIN_VAL
DE000226693_roof_hook_9.jpg,TRAIN_VAL
DE000146061_roof_hook_10.jpg,TRAIN_VAL
933452_roof_hook_4.jpg,TRAIN_VAL
DE000110371_roof_hook_7.jpg,TRAIN_VAL
DE000059453_roof_hook_2.jpg,TRAIN_VAL
DE000081527_roof_hook_11.jpg,TRAIN_VAL
DE000142894_roof_hook_3.jpg,TRAIN_VAL
DE000135104_roof_hook_2.jpg,TRAIN_VAL
DE000269170_roof_hook_7.jpg,TRAIN_VAL
DE000065089_roof_hook_11.jpg,TRAIN_VAL
957053_roof_hook_1.jpg,TRAIN_VAL
680274_roof_hook_1.jpg,TRAIN_VAL
DE000087869_roof_hook_3.jpg,TRAIN_VAL
DE000072816_roof_hook_6.jpg,TRAIN_VAL
DE000047510_roof_hook_1.jpg,TRAIN_VAL
936725_roof_hook_4.jpg,TRAIN_VAL
DE000118453_roof_hook_1.jpg,TRAIN_VAL
DE000242834_roof_hook_2.jpg,TRAIN_VAL
DE000111135_roof_hook_6.jpg,TRAIN_VAL
DE000078631_roof_hook_1.jpg,TRAIN_VAL
DE000029413_roof_hook_9.jpg,TRAIN_VAL
DE000089655_roof_hook_7.jpg,TRAIN_VAL
DE000122840_roof_hook_1.jpg,TRAIN_VAL
DE000237211_roof_hook_2.jpg,TRAIN_VAL
DE000066748_roof_hook_1.jpg,TRAIN_VAL
DE000118911_roof_hook_8.jpg,TRAIN_VAL
DE000241848_roof_hook_3.jpg,TRAIN_VAL
DE000261159_roof_hook_1.jpg,TRAIN_VAL
DE000082757_roof_hook_3.jpg,TRAIN_VAL
DE000230423_roof_hook_5.jpg,TRAIN_VAL
DE000206625_roof_hook_2.jpg,TRAIN_VAL
DE000112310_roof_hook_1.jpg,TRAIN_VAL
DE000117000_roof_hook_3.jpg,TRAIN_VAL
DE000125422_roof_hook_5.jpg,TRAIN_VAL
DE000129754_roof_hook_3.jpg,TRAIN_VAL
DE000032051_roof_hook_6.jpg,TRAIN_VAL
DE000095013_roof_hook_3.jpg,TRAIN_VAL
DE000101174_roof_hook_1.jpg,TRAIN_VAL
DE000099228_roof_hook_8.jpg,TRAIN_VAL
959357_roof_hook_2.jpg,TRAIN_VAL
DE000266884_roof_hook_13.jpg,TRAIN_VAL
DE000039116_roof_hook_4.jpg,TRAIN_VAL
937200_roof_hook_1.jpg,TRAIN_VAL
DE000259064_roof_hook_4.jpg,TRAIN_VAL
DE000209414_roof_hook_2.jpg,TRAIN_VAL
DE000146285_roof_hook_2.jpg,TRAIN_VAL
DE000062442_roof_hook_5.jpg,TRAIN_VAL
DE000191252_roof_hook_2.jpg,TRAIN_VAL
DE000112718_roof_hook_12.jpg,TRAIN_VAL
DE000098423_roof_hook_3.jpg,TRAIN_VAL
DE000120225_roof_hook_3.jpg,TRAIN_VAL
898997_roof_hook_2.jpg,TRAIN_VAL
DE000167808_roof_hook_1.jpg,TRAIN_VAL
DE000049087_roof_hook_2.jpg,TRAIN_VAL
DE000183420_roof_hook_2.jpg,TRAIN_VAL
814109_roof_hook_4.jpg,TRAIN_VAL
DE000285882_roof_hook_6.jpg,TRAIN_VAL
DE000072833_roof_hook_8.jpg,TRAIN_VAL
DE000069018_roof_hook_1.jpg,TRAIN_VAL
DE000075418_roof_hook_5.jpg,TRAIN_VAL
DE000125736_roof_hook_6.jpg,TRAIN_VAL
DE000130181_roof_hook_7.jpg,TRAIN_VAL
DE000037509_roof_hook_3.jpg,TRAIN_VAL
DE000256314_roof_hook_4.jpg,TRAIN_VAL
DE000264464_roof_hook_3.jpg,TRAIN_VAL
959281_roof_hook_1.jpg,TRAIN_VAL
DE000127421_roof_hook_1.jpg,TRAIN_VAL
DE000124295_roof_hook_2.jpg,TRAIN_VAL
DE000074369_roof_hook_5.jpg,TRAIN_VAL
DE000195408_roof_hook_10.jpg,TRAIN_VAL
DE000128427_roof_hook_4.jpg,TRAIN_VAL
930839_roof_hook_2.jpg,TRAIN_VAL
DE000008788_roof_hook_1.jpg,TRAIN_VAL
DE000185125_roof_hook_3.jpg,TRAIN_VAL
DE000293641_roof_hook_5.jpg,TRAIN_VAL
DE000125617_roof_hook_19.jpg,TRAIN_VAL
814099_roof_hook_11.jpg,TRAIN_VAL
929159_roof_hook_2.jpg,TRAIN_VAL
DE000077960_roof_hook_3.jpg,TRAIN_VAL
DE000205850_roof_hook_5.jpg,TRAIN_VAL
DE000009707_roof_hook_3.jpg,TRAIN_VAL
904234_roof_hook_2.jpg,TRAIN_VAL
868776_roof_hook_2.jpg,TRAIN_VAL
DE000070723_roof_hook_3.jpg,TRAIN_VAL
DE000099781_roof_hook_7.jpg,TRAIN_VAL
DE000068189_roof_hook_1.jpg,TRAIN_VAL
931874_roof_hook_5.jpg,TRAIN_VAL
DE000081692_roof_hook_9.jpg,TRAIN_VAL
911580_roof_hook_1.jpg,TRAIN_VAL
DE000282175_roof_hook_8.jpg,TRAIN_VAL
DE000048280_roof_hook_10.jpg,TRAIN_VAL
DE000251767_roof_hook_2.jpg,TRAIN_VAL
DE000211048_roof_hook_6.jpg,TRAIN_VAL
DE000045054_roof_hook_1.jpg,TRAIN_VAL
DE000093398_roof_hook_2.jpg,TRAIN_VAL
DE000086332_roof_hook_1.jpg,TRAIN_VAL
DE000029283_roof_hook_3.jpg,TRAIN_VAL
DE000071006_roof_hook_6.jpg,TRAIN_VAL
DE000072542_roof_hook_3.jpg,TRAIN_VAL
DE000063664_roof_hook_3.jpg,TRAIN_VAL
DE000225765_roof_hook_1.jpg,TRAIN_VAL
DE000184198_roof_hook_4.jpg,TRAIN_VAL
DE000081587_roof_hook_4.jpg,TRAIN_VAL
890616_roof_hook_7.jpg,TRAIN_VAL
835082_roof_hook_4.jpg,TRAIN_VAL
DE000191884_roof_hook_3.jpg,TRAIN_VAL
DE000064334_roof_hook_7.jpg,TRAIN_VAL
DE000038449_roof_hook_2.jpg,TRAIN_VAL
635979_roof_hook_1.jpg,TRAIN_VAL
DE000211217_roof_hook_1.jpg,TRAIN_VAL
DE000290421_roof_hook_6.jpg,TRAIN_VAL
DE000056985_roof_hook_1.jpg,TRAIN_VAL
DE000093151_roof_hook_7.jpg,TRAIN_VAL
DE000033843_roof_hook_3.jpg,TRAIN_VAL
DE000256245_roof_hook_6.jpg,TRAIN_VAL
DE000230459_roof_hook_3.jpg,TRAIN_VAL
DE000070682_roof_hook_6.jpg,TRAIN_VAL
DE000071885_roof_hook_5.jpg,TRAIN_VAL
DE000203590_roof_hook_3.jpg,TRAIN_VAL
DE000070071_roof_hook_8.jpg,TRAIN_VAL
DE000205850_roof_hook_8.jpg,TRAIN_VAL
DE000080567_roof_hook_1.jpg,TRAIN_VAL
DE000126469_roof_hook_10.jpg,TRAIN_VAL
914816_roof_hook_4.jpg,TRAIN_VAL
DE000081975_roof_hook_4.jpg,TRAIN_VAL
DE000095877_roof_hook_4.jpg,TRAIN_VAL
DE000065906_roof_hook_2.jpg,TRAIN_VAL
DE000209120_roof_hook_3.jpg,TRAIN_VAL
DE000115813_roof_hook_2.jpg,TRAIN_VAL
DE000089511_roof_hook_2.jpg,TRAIN_VAL
DE000067944_roof_hook_1.jpg,TRAIN_VAL
DE000269711_roof_hook_1.jpg,TRAIN_VAL
DE000143387_roof_hook_3.jpg,TRAIN_VAL
952046_roof_hook_2.jpg,TRAIN_VAL
814109_roof_hook_2.jpg,TRAIN_VAL
DE000123571_roof_hook_5.jpg,TRAIN_VAL
865538_roof_hook_4.jpg,TRAIN_VAL
DE000291866_roof_hook_3.jpg,TRAIN_VAL
DE000124479_roof_hook_2.jpg,TRAIN_VAL
DE000199027_roof_hook_6.jpg,TRAIN_VAL
DE000087044_roof_hook_1.jpg,TRAIN_VAL
DE000108522_roof_hook_10.jpg,TRAIN_VAL
DE000033423_roof_hook_6.jpg,TRAIN_VAL
DE000266463_roof_hook_3.jpg,TRAIN_VAL
DE000067510_roof_hook_1.jpg,TRAIN_VAL
DE000261301_roof_hook_7.jpg,TRAIN_VAL
DE000280983_roof_hook_14.jpg,TRAIN_VAL
DE000041718_roof_hook_1.jpg,TRAIN_VAL
DE000051525_roof_hook_2.jpg,TRAIN_VAL
906734_roof_hook_2.jpg,TRAIN_VAL
DE000066756_roof_hook_7.jpg,TRAIN_VAL
597065_roof_hook_15.jpg,TRAIN_VAL
DE000123873_roof_hook_4.jpg,TRAIN_VAL
DE000060983_roof_hook_6.jpg,TRAIN_VAL
DE000031348_roof_hook_9.jpg,TRAIN_VAL
347886_roof_hook_1.jpg,TRAIN_VAL
DE000286187_roof_hook_3.jpg,TRAIN_VAL
DE000032051_roof_hook_1.jpg,TRAIN_VAL
DE000294356_roof_hook_6.jpg,TRAIN_VAL
DE000232412_roof_hook_5.jpg,TRAIN_VAL
DE000070894_roof_hook_4.jpg,TRAIN_VAL
DE000079985_roof_hook_3.jpg,TRAIN_VAL
DE000136653_roof_hook_19.jpg,TRAIN_VAL
DE000206351_roof_hook_7.jpg,TRAIN_VAL
DE000090550_roof_hook_14.jpg,TRAIN_VAL
DE000112574_roof_hook_2.jpg,TRAIN_VAL
953814_roof_hook_3.jpg,TRAIN_VAL
DE000122603_roof_hook_2.jpg,TRAIN_VAL
DE000116113_roof_hook_3.jpg,TRAIN_VAL
DE000130646_roof_hook_5.jpg,TRAIN_VAL
DE000108922_roof_hook_4.jpg,TRAIN_VAL
DE000115813_roof_hook_3.jpg,TRAIN_VAL
DE000124425_roof_hook_1.jpg,TRAIN_VAL
DE000090550_roof_hook_12.jpg,TRAIN_VAL
DE000238430_roof_hook_8.jpg,TRAIN_VAL
DE000137170_roof_hook_1.jpg,TRAIN_VAL
DE000238710_roof_hook_1.jpg,TRAIN_VAL
DE000119192_roof_hook_3.jpg,TRAIN_VAL
DE000063672_roof_hook_2.jpg,TRAIN_VAL
DE000043850_roof_hook_2.jpg,TRAIN_VAL
DE000163429_roof_hook_4.jpg,TRAIN_VAL
DE000077693_roof_hook_2.jpg,TRAIN_VAL
DE000109901_roof_hook_7.jpg,TRAIN_VAL
DE000204306_roof_hook_5.jpg,TRAIN_VAL
DE000287888_roof_hook_6.jpg,TRAIN_VAL
DE000142512_roof_hook_1.jpg,TRAIN_VAL
DE000290883_roof_hook_4.jpg,TRAIN_VAL
853602_roof_hook_1.jpg,TRAIN_VAL
DE000126942_roof_hook_4.jpg,TRAIN_VAL
DE000223545_roof_hook_13.jpg,TRAIN_VAL
DE000108484_roof_hook_3.jpg,TRAIN_VAL
DE000125159_roof_hook_2.jpg,TRAIN_VAL
829393_roof_hook_12.jpg,TRAIN_VAL
DE000103169_roof_hook_9.jpg,TRAIN_VAL
DE000094692_roof_hook_2.jpg,TRAIN_VAL
934340_roof_hook_5.jpg,TRAIN_VAL
DE000281155_roof_hook_1.jpg,TRAIN_VAL
DE000073683_roof_hook_1.jpg,TRAIN_VAL
620854_roof_hook_1.jpg,TRAIN_VAL
DE000247655_roof_hook_6.jpg,TRAIN_VAL
DE000072816_roof_hook_10.jpg,TRAIN_VAL
DE000039764_roof_hook_9.jpg,TRAIN_VAL
DE000233376_roof_hook_8.jpg,TRAIN_VAL
DE000051884_roof_hook_10.jpg,TRAIN_VAL
959815_roof_hook_7.jpg,TRAIN_VAL
DE000210285_roof_hook_2.jpg,TRAIN_VAL
DE000190917_roof_hook_3.jpg,TRAIN_VAL
DE000031500_roof_hook_9.jpg,TRAIN_VAL
DE000183409_roof_hook_12.jpg,TRAIN_VAL
DE000135842_roof_hook_5.jpg,TRAIN_VAL
DE000036054_roof_hook_3.jpg,TRAIN_VAL
962107_roof_hook_1.jpg,TRAIN_VAL
DE000053696_roof_hook_9.jpg,TRAIN_VAL
DE000224166_roof_hook_1.jpg,TRAIN_VAL
DE000112728_roof_hook_5.jpg,TRAIN_VAL
DE000135842_roof_hook_1.jpg,TRAIN_VAL
DE000077219_roof_hook_15.jpg,TRAIN_VAL
DE000106543_roof_hook_5.jpg,TRAIN_VAL
DE000155627_roof_hook_6.jpg,TRAIN_VAL
DE000217344_roof_hook_3.jpg,TRAIN_VAL
DE000069414_roof_hook_16.jpg,TRAIN_VAL
DE000122216_roof_hook_5.jpg,TRAIN_VAL
DE000124585_roof_hook_5.jpg,TRAIN_VAL
DE000106349_roof_hook_3.jpg,TRAIN_VAL
DE000141360_roof_hook_4.jpg,TRAIN_VAL
DE000111135_roof_hook_2.jpg,TRAIN_VAL
DE000072833_roof_hook_11.jpg,TRAIN_VAL
DE000294356_roof_hook_10.jpg,TRAIN_VAL
DE000122192_roof_hook_1.jpg,TRAIN_VAL
DE000215501_roof_hook_3.jpg,TRAIN_VAL
DE000069810_roof_hook_1.jpg,TRAIN_VAL
DE000227130_roof_hook_6.jpg,TRAIN_VAL
DE000126278_roof_hook_7.jpg,TRAIN_VAL
DE000098835_roof_hook_2.jpg,TRAIN_VAL
DE000277492_roof_hook_2.jpg,TRAIN_VAL
DE000107136_roof_hook_7.jpg,TRAIN_VAL
DE000114152_roof_hook_3.jpg,TRAIN_VAL
DE000195388_roof_hook_1.jpg,TRAIN_VAL
DE000080845_roof_hook_4.jpg,TRAIN_VAL
DE000226256_roof_hook_2.jpg,TRAIN_VAL
DE000138280_roof_hook_1.jpg,TRAIN_VAL
DE000276911_roof_hook_3.jpg,TRAIN_VAL
DE000046452_roof_hook_3.jpg,TRAIN_VAL
DE000039764_roof_hook_1.jpg,TRAIN_VAL
DE000146694_roof_hook_6.jpg,TRAIN_VAL
DE000106498_roof_hook_4.jpg,TRAIN_VAL
DE000246254_roof_hook_2.jpg,TRAIN_VAL
DE000077686_roof_hook_7.jpg,TRAIN_VAL
DE000106349_roof_hook_2.jpg,TRAIN_VAL
756160_roof_hook_6.jpg,TRAIN_VAL
DE000219746_roof_hook_3.jpg,TRAIN_VAL
890710_roof_hook_1.jpg,TRAIN_VAL
DE000121532_roof_hook_4.jpg,TRAIN_VAL
DE000102797_roof_hook_8.jpg,TRAIN_VAL
DE000072174_roof_hook_7.jpg,TRAIN_VAL
DE000211558_roof_hook_11.jpg,TRAIN_VAL
548060_roof_hook_1.jpg,TRAIN_VAL
DE000054948_roof_hook_3.jpg,TRAIN_VAL
795244_roof_hook_5.jpg,TRAIN_VAL
DE000105157_roof_hook_2.jpg,TRAIN_VAL
DE000235488_roof_hook_5.jpg,TRAIN_VAL
DE000184704_roof_hook_1.jpg,TRAIN_VAL
DE000129495_roof_hook_3.jpg,TRAIN_VAL
DE000077704_roof_hook_1.jpg,TRAIN_VAL
DE000077686_roof_hook_6.jpg,TRAIN_VAL
DE000229044_roof_hook_3.jpg,TRAIN_VAL
DE000089626_roof_hook_3.jpg,TRAIN_VAL
DE000034048_roof_hook_2.jpg,TRAIN_VAL
DE000261993_roof_hook_6.jpg,TRAIN_VAL
DE000113159_roof_hook_3.jpg,TRAIN_VAL
DE000145684_roof_hook_3.jpg,TRAIN_VAL
DE000128473_roof_hook_7.jpg,TRAIN_VAL
DE000146856_roof_hook_1.jpg,TRAIN_VAL
DE000104600_roof_hook_10.jpg,TRAIN_VAL
DE000191479_roof_hook_3.jpg,TRAIN_VAL
DE000045651_roof_hook_3.jpg,TRAIN_VAL
DE000118289_roof_hook_5.jpg,TRAIN_VAL
DE000052731_roof_hook_10.jpg,TRAIN_VAL
DE000083565_roof_hook_8.jpg,TRAIN_VAL
DE000135996_roof_hook_8.jpg,TRAIN_VAL
DE000258919_roof_hook_3.jpg,TRAIN_VAL
DE000101875_roof_hook_7.jpg,TRAIN_VAL
DE000257451_roof_hook_1.jpg,TRAIN_VAL
DE000038795_roof_hook_7.jpg,TRAIN_VAL
DE000036920_roof_hook_2.jpg,TRAIN_VAL
DE000250889_roof_hook_2.jpg,TRAIN_VAL
DE000139280_roof_hook_2.jpg,TRAIN_VAL
DE000266463_roof_hook_1.jpg,TRAIN_VAL
DE000228371_roof_hook_2.jpg,TRAIN_VAL
DE000089392_roof_hook_1.jpg,TRAIN_VAL
DE000060354_roof_hook_5.jpg,TRAIN_VAL
DE000112044_roof_hook_2.jpg,TRAIN_VAL
DE000069810_roof_hook_5.jpg,TRAIN_VAL
DE000195339_roof_hook_8.jpg,TRAIN_VAL
DE000069018_roof_hook_13.jpg,TRAIN_VAL
DE000065916_roof_hook_4.jpg,TRAIN_VAL
DE000145145_roof_hook_15.jpg,TRAIN_VAL
DE000035111_roof_hook_9.jpg,TRAIN_VAL
923245_roof_hook_1.jpg,TRAIN_VAL
DE000287566_roof_hook_5.jpg,TRAIN_VAL
DE000089784_roof_hook_2.jpg,TRAIN_VAL
DE000035079_roof_hook_1.jpg,TRAIN_VAL
DE000074574_roof_hook_2.jpg,TRAIN_VAL
872069_roof_hook_5.jpg,TRAIN_VAL
DE000271339_roof_hook_4.jpg,TRAIN_VAL
922105_roof_hook_5.jpg,TRAIN_VAL
DE000080966_roof_hook_8.jpg,TRAIN_VAL
DE000239211_roof_hook_3.jpg,TRAIN_VAL
DE000138855_roof_hook_3.jpg,TRAIN_VAL
DE000201383_roof_hook_4.jpg,TRAIN_VAL
DE000134543_roof_hook_9.jpg,TRAIN_VAL
DE000061085_roof_hook_7.jpg,TRAIN_VAL
DE000275289_roof_hook_11.jpg,TRAIN_VAL
DE000291909_roof_hook_1.jpg,TRAIN_VAL
DE000172382_roof_hook_1.jpg,TRAIN_VAL
DE000087869_roof_hook_1.jpg,TRAIN_VAL
DE000229031_roof_hook_2.jpg,TRAIN_VAL
DE000076105_roof_hook_4.jpg,TRAIN_VAL
DE000080736_roof_hook_1.jpg,TRAIN_VAL
DE000092570_roof_hook_4.jpg,TRAIN_VAL
DE000068440_roof_hook_1.jpg,TRAIN_VAL
DE000226375_roof_hook_3.jpg,TRAIN_VAL
DE000108854_roof_hook_7.jpg,TRAIN_VAL
DE000287888_roof_hook_3.jpg,TRAIN_VAL
DE000104586_roof_hook_2.jpg,TRAIN_VAL
DE000173069_roof_hook_1.jpg,TRAIN_VAL
DE000073951_roof_hook_4.jpg,TRAIN_VAL
DE000054146_roof_hook_1.jpg,TRAIN_VAL
DE000164992_roof_hook_5.jpg,TRAIN_VAL
DE000091156_roof_hook_2.jpg,TRAIN_VAL
DE000098306_roof_hook_2.jpg,TRAIN_VAL
DE000082059_roof_hook_4.jpg,TRAIN_VAL
DE000195174_roof_hook_5.jpg,TRAIN_VAL
DE000209120_roof_hook_9.jpg,TRAIN_VAL
DE000229961_roof_hook_5.jpg,TRAIN_VAL
DE000282706_roof_hook_2.jpg,TRAIN_VAL
836279_roof_hook_3.jpg,TRAIN_VAL
868052_roof_hook_4.jpg,TRAIN_VAL
DE000198393_roof_hook_4.jpg,TRAIN_VAL
DE000128903_roof_hook_5.jpg,TRAIN_VAL
DE000234076_roof_hook_5.jpg,TRAIN_VAL
DE000108698_roof_hook_5.jpg,TRAIN_VAL
DE000138265_roof_hook_1.jpg,TRAIN_VAL
DE000133170_roof_hook_6.jpg,TRAIN_VAL
DE000097069_roof_hook_3.jpg,TRAIN_VAL
DE000122601_roof_hook_2.jpg,TRAIN_VAL
DE000143003_roof_hook_4.jpg,TRAIN_VAL
DE000108854_roof_hook_11.jpg,TRAIN_VAL
920808_roof_hook_1.jpg,TRAIN_VAL
DE000215842_roof_hook_1.jpg,TRAIN_VAL
DE000103598_roof_hook_2.jpg,TRAIN_VAL
DE000206625_roof_hook_1.jpg,TRAIN_VAL
DE000233376_roof_hook_4.jpg,TRAIN_VAL
827156_roof_hook_2.jpg,TRAIN_VAL
DE000091759_roof_hook_11.jpg,TRAIN_VAL
DE000204978_roof_hook_3.jpg,TRAIN_VAL
DE000071713_roof_hook_3.jpg,TRAIN_VAL
758330_roof_hook_2.jpg,TRAIN_VAL
DE000142894_roof_hook_11.jpg,TRAIN_VAL
DE000290387_roof_hook_5.jpg,TRAIN_VAL
DE000111268_roof_hook_2.jpg,TRAIN_VAL
DE000080109_roof_hook_4.jpg,TRAIN_VAL
DE000091759_roof_hook_12.jpg,TRAIN_VAL
DE000104255_roof_hook_6.jpg,TRAIN_VAL
DE000053737_roof_hook_8.jpg,TRAIN_VAL
DE000237263_roof_hook_1.jpg,TRAIN_VAL
DE000229623_roof_hook_8.jpg,TRAIN_VAL
DE000070670_roof_hook_1.jpg,TRAIN_VAL
DE000213143_roof_hook_2.jpg,TRAIN_VAL
DE000065790_roof_hook_5.jpg,TRAIN_VAL
DE000235646_roof_hook_5.jpg,TRAIN_VAL
DE000198261_roof_hook_5.jpg,TRAIN_VAL
DE000116084_roof_hook_10.jpg,TRAIN_VAL
603053_roof_hook_4.jpg,TRAIN_VAL
DE000037160_roof_hook_4.jpg,TRAIN_VAL
DE000112809_roof_hook_4.jpg,TRAIN_VAL
DE000059063_roof_hook_2.jpg,TRAIN_VAL
DE000034771_roof_hook_3.jpg,TRAIN_VAL
836279_roof_hook_1.jpg,TRAIN_VAL
DE000104059_roof_hook_3.jpg,TRAIN_VAL
DE000132882_roof_hook_3.jpg,TRAIN_VAL
DE000061609_roof_hook_1.jpg,TRAIN_VAL
DE000104986_roof_hook_3.jpg,TRAIN_VAL
DE000285882_roof_hook_7.jpg,TRAIN_VAL
DE000133391_roof_hook_10.jpg,TRAIN_VAL
DE000039042_roof_hook_7.jpg,TRAIN_VAL
DE000135903_roof_hook_4.jpg,TRAIN_VAL
DE000040547_roof_hook_3.jpg,TRAIN_VAL
DE000087717_roof_hook_1.jpg,TRAIN_VAL
DE000256314_roof_hook_1.jpg,TRAIN_VAL
DE000065942_roof_hook_3.jpg,TRAIN_VAL
DE000266884_roof_hook_5.jpg,TRAIN_VAL
909088_roof_hook_8.jpg,TRAIN_VAL
DE000096138_roof_hook_1.jpg,TRAIN_VAL
DE000074601_roof_hook_2.jpg,TRAIN_VAL
DE000246092_roof_hook_4.jpg,TRAIN_VAL
DE000065733_roof_hook_2.jpg,TRAIN_VAL
DE000217684_roof_hook_4.jpg,TRAIN_VAL
DE000145825_roof_hook_4.jpg,TRAIN_VAL
DE000265206_roof_hook_4.jpg,TRAIN_VAL
DE000109356_roof_hook_2.jpg,TRAIN_VAL
DE000267713_roof_hook_1.jpg,TRAIN_VAL
DE000064170_roof_hook_10.jpg,TRAIN_VAL
DE000070723_roof_hook_9.jpg,TRAIN_VAL
DE000075847_roof_hook_6.jpg,TRAIN_VAL
830752_roof_hook_1.jpg,TRAIN_VAL
851627_roof_hook_1.jpg,TRAIN_VAL
DE000103809_roof_hook_3.jpg,TRAIN_VAL
851884_roof_hook_5.jpg,TRAIN_VAL
DE000186725_roof_hook_2.jpg,TRAIN_VAL
DE000107248_roof_hook_4.jpg,TRAIN_VAL
DE000067530_roof_hook_5.jpg,TRAIN_VAL
DE000143443_roof_hook_4.jpg,TRAIN_VAL
DE000112379_roof_hook_7.jpg,TRAIN_VAL
DE000031348_roof_hook_3.jpg,TRAIN_VAL
DE000246092_roof_hook_3.jpg,TRAIN_VAL
DE000186422_roof_hook_5.jpg,TRAIN_VAL
838045_roof_hook_5.jpg,TRAIN_VAL
DE000074304_roof_hook_2.jpg,TRAIN_VAL
DE000281922_roof_hook_5.jpg,TRAIN_VAL
DE000094413_roof_hook_4.jpg,TRAIN_VAL
DE000042670_roof_hook_7.jpg,TRAIN_VAL
DE000146746_roof_hook_8.jpg,TRAIN_VAL
DE000068440_roof_hook_4.jpg,TRAIN_VAL
DE000051884_roof_hook_1.jpg,TRAIN_VAL
DE000143787_roof_hook_6.jpg,TRAIN_VAL
965373_roof_hook_3.jpg,TRAIN_VAL
DE000084468_roof_hook_10.jpg,TRAIN_VAL
852802_roof_hook_2.jpg,TRAIN_VAL
DE000218269_roof_hook_4.jpg,TRAIN_VAL
DE000065790_roof_hook_3.jpg,TRAIN_VAL
DE000039357_roof_hook_3.jpg,TRAIN_VAL
DE000053786_roof_hook_1.jpg,TRAIN_VAL
DE000260063_roof_hook_13.jpg,TRAIN_VAL
DE000080078_roof_hook_10.jpg,TRAIN_VAL
DE000051430_roof_hook_1.jpg,TRAIN_VAL
DE000546322_roof_hook_3.jpg,TEST1
DE000142240_roof_hook_5.jpg,TEST1
DE000050286_roof_hook_5.jpg,TEST1
DE000091925_roof_hook_6.jpg,TEST1
DE000259064_roof_hook_6.jpg,TEST1
DE000406593_roof_hook_3.jpg,TEST1
DE000072890_roof_hook_2.jpg,TEST1
DE000258421_roof_hook_5.jpg,TEST1
DE000038795_roof_hook_6.jpg,TEST1
DE000088531_roof_hook_2.jpg,TEST1
DE000109864_roof_hook_5.jpg,TEST1
DE000702788_roof_hook_7.jpg,TEST1
DE000531146_roof_hook_9.jpg,TEST1
DE000082498_roof_hook_3.jpg,TEST1
DE000086111_roof_hook_1.jpg,TEST1
DE000086627_roof_hook_20.jpg,TEST1
DE000267936_roof_hook_14.jpg,TEST1
953006_roof_hook_10.jpg,TEST1
DE000480383_roof_hook_7.jpg,TEST1
DE000136653_roof_hook_1.jpg,TEST1
DE000535926_roof_hook_1.jpg,TEST1
DE000118502_roof_hook_3.jpg,TEST1
DE000460721_roof_hook_9.jpg,TEST1
DE000103622_roof_hook_5.jpg,TEST1
DE000411987_roof_hook_2.jpg,TEST1
DE000125830_roof_hook_7.jpg,TEST1
DE000223239_roof_hook_1.jpg,TEST1
DE000116156_roof_hook_2.jpg,TEST1
DE000042785_roof_hook_5.jpg,TEST1
DE000187966_roof_hook_5.jpg,TEST1
DE000039042_roof_hook_3.jpg,TEST1
DE000101944_roof_hook_5.jpg,TEST1
DE000226256_roof_hook_1.jpg,TEST1
DE000220520_roof_hook_5.jpg,TEST1
DE000508950_roof_hook_7.jpg,TEST1
DE000079585_roof_hook_1.jpg,TEST1
DE000258173_roof_hook_2.jpg,TEST1
DE000227504_roof_hook_2.jpg,TEST1
756160_roof_hook_8.jpg,TEST1
DE000612561_roof_hook_1.jpg,TEST1
DE000566547_roof_hook_8.jpg,TEST1
DE000106671_roof_hook_14.jpg,TEST1
DE000219023_roof_hook_3.jpg,TEST1
DE000051522_roof_hook_3.jpg,TEST1
DE000056094_roof_hook_1.jpg,TEST1
DE000096869_roof_hook_2.jpg,TEST1
DE000443992_roof_hook_2.jpg,TEST1
DE000074996_roof_hook_1.jpg,TEST1
DE000110371_roof_hook_8.jpg,TEST1
DE000275468_roof_hook_2.jpg,TEST1
DE000135923_roof_hook_3.jpg,TEST1
DE000302699_roof_hook_1.jpg,TEST1
899897_roof_hook_5.jpg,TEST1
DE000242834_roof_hook_7.jpg,TEST1
DE000290853_roof_hook_6.jpg,TEST1
DE000175389_roof_hook_2.jpg,TEST1
DE000087973_roof_hook_1.jpg,TEST1
DE000231123_roof_hook_6.jpg,TEST1
DE000105263_roof_hook_10.jpg,TEST1
DE000079354_roof_hook_1.jpg,TEST1
DE000234708_roof_hook_3.jpg,TEST1
832729_roof_hook_4.jpg,TEST1
DE000205014_roof_hook_4.jpg,TEST1
DE000496719_roof_hook_1.jpg,TEST1
DE000092650_roof_hook_3.jpg,TEST1
964408_roof_hook_3.jpg,TEST1
DE000108838_roof_hook_6.jpg,TEST1
DE000191214_roof_hook_2.jpg,TEST1
DE000239668_roof_hook_1.jpg,TEST1
DE000094413_roof_hook_2.jpg,TEST1
DE000276775_roof_hook_1.jpg,TEST1
DE000048280_roof_hook_14.jpg,TEST1
DE000372468_roof_hook_4.jpg,TEST1
DE000035672_roof_hook_1.jpg,TEST1
DE000607692_roof_hook_3.jpg,TEST1
DE000515766_roof_hook_2.jpg,TEST1
DE000089115_roof_hook_1.jpg,TEST1
DE000237587_roof_hook_2.jpg,TEST1
DE000058207_roof_hook_6.jpg,TEST1
DE000283102_roof_hook_1.jpg,TEST1
DE000497187_roof_hook_6.jpg,TEST1
DE000552506_roof_hook_4.jpg,TEST1
DE000552749_roof_hook_2.jpg,TEST1
DE000068189_roof_hook_5.jpg,TEST1
DE000110303_roof_hook_4.jpg,TEST1
DE000654242_roof_hook_5.jpg,TEST1
DE000035966_roof_hook_2.jpg,TEST1
DE000452746_roof_hook_2.jpg,TEST1
DE000572268_roof_hook_2.jpg,TEST1
DE000542577_roof_hook_3.jpg,TEST1
DE000623227_roof_hook_6.jpg,TEST1
DE000554214_roof_hook_1.jpg,TEST1
DE000047992_roof_hook_2.jpg,TEST1
DE000091866_roof_hook_4.jpg,TEST1
DE000700717_roof_hook_1.jpg,TEST1
DE000082742_roof_hook_2.jpg,TEST1
DE000187346_roof_hook_2.jpg,TEST1
DE000235307_roof_hook_2.jpg,TEST1
DE000294778_roof_hook_3.jpg,TEST1
DE000242737_roof_hook_4.jpg,TEST1
DE000133262_roof_hook_1.jpg,TEST1
DE000192731_roof_hook_8.jpg,TEST1
DE000056555_roof_hook_3.jpg,TEST1
DE000538231_roof_hook_1.jpg,TEST1
DE000656281_roof_hook_5.jpg,TEST1
768355_roof_hook_1.jpg,TEST1
DE000051884_roof_hook_4.jpg,TEST1
DE000381372_roof_hook_5.jpg,TEST1
DE000183326_roof_hook_7.jpg,TEST1
DE000128455_roof_hook_5.jpg,TEST1
DE000390529_roof_hook_4.jpg,TEST1
DE000084379_roof_hook_5.jpg,TEST1
874831_roof_hook_4.jpg,TEST1
DE000108592_roof_hook_2.jpg,TEST1
DE000076520_roof_hook_5.jpg,TEST1
DE000393863_roof_hook_6.jpg,TEST1
DE000088825_roof_hook_1.jpg,TEST1
DE000103842_roof_hook_4.jpg,TEST1
DE000101007_roof_hook_3.jpg,TEST1
DE000209156_roof_hook_3.jpg,TEST1
DE000153362_roof_hook_1.jpg,TEST1
DE000591522_roof_hook_8.jpg,TEST1
DE000487811_roof_hook_2.jpg,TEST1
DE000228765_roof_hook_1.jpg,TEST1
DE000601234_roof_hook_4.jpg,TEST1
DE000419089_roof_hook_4.jpg,TEST1
DE000059063_roof_hook_14.jpg,TEST1
DE000179185_roof_hook_2.jpg,TEST1
DE000220446_roof_hook_7.jpg,TEST1
DE000227886_roof_hook_6.jpg,TEST1
DE000070881_roof_hook_7.jpg,TEST1
DE000105657_roof_hook_4.jpg,TEST1
DE000029413_roof_hook_8.jpg,TEST1
909310_roof_hook_2.jpg,TEST1
DE000413918_roof_hook_9.jpg,TEST1
DE000227353_roof_hook_9.jpg,TEST1
DE000275889_roof_hook_1.jpg,TEST1
DE000117290_roof_hook_3.jpg,TEST1
DE000209414_roof_hook_6.jpg,TEST1
904329_roof_hook_1.jpg,TEST1
DE000078772_roof_hook_2.jpg,TEST1
DE000064462_roof_hook_1.jpg,TEST1
DE000119675_roof_hook_8.jpg,TEST1
DE000284080_roof_hook_1.jpg,TEST1
DE000130314_roof_hook_3.jpg,TEST1
DE000072950_roof_hook_2.jpg,TEST1
794650_roof_hook_9.jpg,TEST1
DE000060885_roof_hook_1.jpg,TEST1
945275_roof_hook_2.jpg,TEST1
615032_roof_hook_6.jpg,TEST1
DE000223249_roof_hook_6.jpg,TEST1
DE000642766_roof_hook_5.jpg,TEST1
DE000270133_roof_hook_5.jpg,TEST1
965150_roof_hook_1.jpg,TEST1
DE000041358_roof_hook_1.jpg,TEST1
DE000215805_roof_hook_1.jpg,TEST1
DE000123571_roof_hook_3.jpg,TEST1
DE000285849_roof_hook_5.jpg,TEST1
DE000055099_roof_hook_4.jpg,TEST1
DE000485086_roof_hook_2.jpg,TEST1
DE000044812_roof_hook_1.jpg,TEST1
DE000112195_roof_hook_12.jpg,TEST1
DE000071623_roof_hook_4.jpg,TEST1
DE000107680_roof_hook_1.jpg,TEST1
DE000349519_roof_hook_2.jpg,TEST1
DE000051371_roof_hook_4.jpg,TEST1
DE000062315_roof_hook_4.jpg,TEST1
DE000146285_roof_hook_12.jpg,TEST1
DE000273871_roof_hook_1.jpg,TEST1
DE000184198_roof_hook_1.jpg,TEST1
DE000301751_roof_hook_3.jpg,TEST1
DE000214523_roof_hook_2.jpg,TEST1
DE000247579_roof_hook_3.jpg,TEST1
929172_roof_hook_3.jpg,TEST1
DE000065948_roof_hook_2.jpg,TEST1
DE000414720_roof_hook_3.jpg,TEST1
DE000066248_roof_hook_3.jpg,TEST1
DE000595345_roof_hook_3.jpg,TEST1
DE000070682_roof_hook_7.jpg,TEST1
DE000258845_roof_hook_3.jpg,TEST1
DE000138855_roof_hook_2.jpg,TEST1
DE000267629_roof_hook_1.jpg,TEST1
DE000106123_roof_hook_4.jpg,TEST1
DE000415178_roof_hook_6.jpg,TEST1
DE000049821_roof_hook_4.jpg,TEST1
DE000500245_roof_hook_4.jpg,TEST1
DE000053576_roof_hook_3.jpg,TEST1
DE000034815_roof_hook_1.jpg,TEST1
DE000402573_roof_hook_11.jpg,TEST1
DE000068832_roof_hook_3.jpg,TEST1
DE000274125_roof_hook_7.jpg,TEST1
DE000567871_roof_hook_4.jpg,TEST1
DE000038449_roof_hook_7.jpg,TEST1
DE000194703_roof_hook_4.jpg,TEST1
DE000536592_roof_hook_1.jpg,TEST1
DE000175367_roof_hook_3.jpg,TEST1
DE000054292_roof_hook_5.jpg,TEST1
DE000055249_roof_hook_3.jpg,TEST1
DE000480987_roof_hook_4.jpg,TEST1
DE000109392_roof_hook_2.jpg,TEST1
